model,top feature 1,top feature 2,top feature 3,top feature 4,top feature 5,top feature 6,top feature 7,top feature 8,top feature 9,top feature 10,,,,,,,,,,
glmnet_glmnet,demo+Age,clinic+Headache,clinic+LowerBackPain,clinic+MuscleSore,clinic+RestlessSleep,clinic+MouthOpen,C+C_energy,C+C_entropy,C+C_correlation,C+C_invDiffMoment,C+C_inertia,C+C_shortRunEmph,C+C_longRunEmph,C+C_greyLevelNonunif,C+C_runLengthNonunif,C+C_lowGreyLevelRun,C+C_highGreyLevelRun,C+C_shortRunLowGrey,C+C_shortRunHighGrey,C+C_longRunLowGreys
glmnet_rf,Af+Af_shortRunLowGrey,Ser+eNA78Seru,Af+Af_BVTV,Af+Af_highGreyLevelRun,Ser+angiogeninSeru,Af+Af_TbN,clinic+MuscleSore,Af+Af_lowGreyLevelRun,Af+Af_TbSp,JS+3D_Sc_Sf_JS,Af+Af_shortRunHighGrey,C+C_highGreyLevelRun,C+C_shortRunHighGrey,clinic+Headache,clinic+LowerBackPain,Af+Af_longRunLowGrey,Sal+oPGSAL,clinic+RestlessSleep,Sal+tRANCESAL,clinic+MouthOpen
glmnet_xgbTree,C+C_shortRunEmph,C+C_highGreyLevelRun,C+C_invDiffMoment,C+C_shortRunLowGrey,clinic+MuscleSore,C+C_lowGreyLevelRun,clinic+LowerBackPain,clinic+Headache,C+C_shortRunHighGrey,C+C_inertia,C+C_runLengthNonunif,clinic+MouthOpen,C+C_greyLevelNonunif,C+C_longRunEmph,C+C_correlation,C+C_entropy,C+C_energy,clinic+RestlessSleep,C+C_longRunLowGreys,demo+Age
glmnet_lda2,C+C_shortRunLowGrey,clinic+RestlessSleep,C+C_inertia,clinic+Headache,demo+Age,clinic+MouthOpen,C+C_greyLevelNonunif,C+C_energy,C+C_longRunLowGreys,C+C_shortRunHighGrey,C+C_highGreyLevelRun,C+C_runLengthNonunif,C+C_lowGreyLevelRun,C+C_entropy,clinic+MuscleSore,C+C_shortRunEmph,C+C_invDiffMoment,C+C_longRunEmph,clinic+LowerBackPain,C+C_correlation
glmnet_nnet,C+C_correlation,clinic+MuscleSore,demo+Age,C+C_shortRunHighGrey,C+C_greyLevelNonunif,C+C_longRunEmph,clinic+Headache,C+C_shortRunEmph,C+C_energy,clinic+RestlessSleep,C+C_runLengthNonunif,clinic+MouthOpen,C+C_inertia,C+C_longRunLowGreys,C+C_lowGreyLevelRun,clinic+LowerBackPain,C+C_entropy,C+C_shortRunLowGrey,C+C_highGreyLevelRun,C+C_invDiffMoment
glmnet_glmboost,C+C_correlation,clinic+RestlessSleep,C+C_highGreyLevelRun,C+C_energy,clinic+MuscleSore,C+C_shortRunHighGrey,clinic+MouthOpen,C+C_shortRunEmph,C+C_greyLevelNonunif,clinic+LowerBackPain,C+C_longRunEmph,C+C_inertia,C+C_lowGreyLevelRun,C+C_runLengthNonunif,C+C_entropy,clinic+Headache,C+C_shortRunLowGrey,demo+Age,C+C_longRunLowGreys,C+C_invDiffMoment
svmLinear_glmnet,demo+Age,clinic+Headache,clinic+LowerBackPain,clinic+MuscleSore,clinic+RestlessSleep,clinic+MouthOpen,C+C_energy,C+C_entropy,C+C_correlation,C+C_invDiffMoment,C+C_inertia,C+C_shortRunEmph,C+C_longRunEmph,C+C_greyLevelNonunif,C+C_runLengthNonunif,C+C_lowGreyLevelRun,C+C_highGreyLevelRun,C+C_shortRunLowGrey,C+C_shortRunHighGrey,C+C_longRunLowGreys
svmLinear_rf,clinic+Headache,Af+Af_shortRunHighGrey,Af+Af_shortRunLowGrey,Af+Af_TbN,C+C_shortRunLowGrey,C+C_highGreyLevelRun,Ser+bDNFSeru,Af+Af_longRunLowGrey,demo+Age,Af+Af_BVTV,Ser+eNA78Seru,Af+Af_lowGreyLevelRun,JS+3D_Sc_Sf_JS,C+C_TbN,Af+Af_highGreyLevelRun,Sal+tRANCESAL,Sal+oPGSAL,clinic+MouthOpen,clinic+LowerBackPain,clinic+RestlessSleep
svmLinear_xgbTree,clinic+MouthOpen,C+C_energy,clinic+MuscleSore,C+C_longRunEmph,C+C_longRunLowGreys,C+C_entropy,C+C_runLengthNonunif,clinic+Headache,C+C_shortRunEmph,demo+Age,C+C_correlation,C+C_highGreyLevelRun,clinic+LowerBackPain,clinic+RestlessSleep,C+C_shortRunLowGrey,C+C_greyLevelNonunif,C+C_inertia,C+C_lowGreyLevelRun,C+C_invDiffMoment,C+C_shortRunHighGrey
svmLinear_lda2,C+C_shortRunLowGrey,clinic+RestlessSleep,C+C_inertia,clinic+Headache,demo+Age,clinic+MouthOpen,C+C_greyLevelNonunif,C+C_energy,C+C_longRunLowGreys,C+C_shortRunHighGrey,C+C_highGreyLevelRun,C+C_runLengthNonunif,C+C_lowGreyLevelRun,C+C_entropy,clinic+MuscleSore,C+C_shortRunEmph,C+C_invDiffMoment,C+C_longRunEmph,clinic+LowerBackPain,C+C_correlation
svmLinear_nnet,C+C_entropy,C+C_runLengthNonunif,C+C_invDiffMoment,demo+Age,clinic+MuscleSore,clinic+RestlessSleep,C+C_longRunEmph,clinic+MouthOpen,C+C_shortRunEmph,clinic+Headache,C+C_shortRunLowGrey,C+C_shortRunHighGrey,C+C_energy,C+C_longRunLowGreys,C+C_greyLevelNonunif,C+C_lowGreyLevelRun,clinic+LowerBackPain,C+C_inertia,C+C_correlation,C+C_highGreyLevelRun
svmLinear_glmboost,C+C_shortRunLowGrey,C+C_runLengthNonunif,C+C_correlation,C+C_highGreyLevelRun,clinic+RestlessSleep,C+C_greyLevelNonunif,C+C_longRunEmph,C+C_lowGreyLevelRun,clinic+MuscleSore,clinic+Headache,C+C_entropy,demo+Age,clinic+MouthOpen,clinic+LowerBackPain,C+C_longRunLowGreys,C+C_energy,C+C_invDiffMoment,C+C_inertia,C+C_shortRunEmph,C+C_shortRunHighGrey
rf_glmnet,demo+Age,clinic+Headache,clinic+LowerBackPain,clinic+MuscleSore,clinic+RestlessSleep,clinic+MouthOpen,C+C_energy,C+C_entropy,C+C_correlation,C+C_invDiffMoment,C+C_inertia,C+C_shortRunEmph,C+C_longRunEmph,C+C_greyLevelNonunif,C+C_runLengthNonunif,C+C_lowGreyLevelRun,C+C_highGreyLevelRun,C+C_shortRunLowGrey,C+C_shortRunHighGrey,C+C_longRunLowGreys
rf_rf,C+C_longRunHighGrey,clinic+MuscleSore,Af+Af_highGreyLevelRun,C+C_BSBV,Af+Af_TbN,Af+Af_shortRunHighGrey,Af+Af_shortRunLowGrey,Af+Af_TbSp,Af+Af_longRunLowGrey,Af+Af_BVTV,clinic+Headache,C+C_shortRunHighGrey,JS+3D_Sc_Sf_JS,clinic+MouthOpen,C+C_highGreyLevelRun,Sal+tRANCESAL,Af+Af_lowGreyLevelRun,clinic+LowerBackPain,clinic+RestlessSleep,Sal+oPGSAL
rf_xgbTree,clinic+RestlessSleep,C+C_entropy,C+C_energy,clinic+LowerBackPain,clinic+MuscleSore,clinic+Headache,C+C_shortRunHighGrey,C+C_invDiffMoment,C+C_lowGreyLevelRun,C+C_correlation,C+C_longRunEmph,C+C_inertia,demo+Age,C+C_greyLevelNonunif,C+C_shortRunEmph,clinic+MouthOpen,C+C_shortRunLowGrey,C+C_runLengthNonunif,C+C_longRunLowGreys,C+C_highGreyLevelRun
rf_lda2,C+C_shortRunLowGrey,clinic+RestlessSleep,C+C_inertia,clinic+Headache,demo+Age,clinic+MouthOpen,C+C_greyLevelNonunif,C+C_energy,C+C_longRunLowGreys,C+C_shortRunHighGrey,C+C_highGreyLevelRun,C+C_runLengthNonunif,C+C_lowGreyLevelRun,C+C_entropy,clinic+MuscleSore,C+C_shortRunEmph,C+C_invDiffMoment,C+C_longRunEmph,clinic+LowerBackPain,C+C_correlation
rf_nnet,C+C_lowGreyLevelRun,C+C_greyLevelNonunif,C+C_entropy,C+C_highGreyLevelRun,C+C_inertia,C+C_invDiffMoment,clinic+RestlessSleep,C+C_longRunLowGreys,clinic+MouthOpen,C+C_longRunEmph,demo+Age,C+C_shortRunEmph,C+C_shortRunHighGrey,C+C_runLengthNonunif,clinic+LowerBackPain,clinic+Headache,C+C_shortRunLowGrey,clinic+MuscleSore,C+C_energy,C+C_correlation
rf_glmboost,C+C_invDiffMoment,C+C_entropy,C+C_longRunLowGreys,C+C_runLengthNonunif,clinic+MuscleSore,clinic+Headache,C+C_shortRunEmph,demo+Age,C+C_correlation,C+C_lowGreyLevelRun,C+C_energy,C+C_highGreyLevelRun,C+C_shortRunHighGrey,clinic+LowerBackPain,clinic+MouthOpen,C+C_inertia,clinic+RestlessSleep,C+C_longRunEmph,C+C_greyLevelNonunif,C+C_shortRunLowGrey
xgbTree_glmnet,demo+Age,clinic+Headache,clinic+LowerBackPain,clinic+MuscleSore,clinic+RestlessSleep,clinic+MouthOpen,C+C_energy,C+C_entropy,C+C_correlation,C+C_invDiffMoment,C+C_inertia,C+C_shortRunEmph,C+C_longRunEmph,C+C_greyLevelNonunif,C+C_runLengthNonunif,C+C_lowGreyLevelRun,C+C_highGreyLevelRun,C+C_shortRunLowGrey,C+C_shortRunHighGrey,C+C_longRunLowGreys
xgbTree_rf,C+C_highGreyLevelRun,Af+Af_longRunHighGrey,Ser+tRANCESeru,clinic+MuscleSore,Af+Af_lowGreyLevelRun,Af+Af_BVTV,clinic+MouthOpen,Ser+vEGFSeru,clinic+Headache,Af+Af_shortRunLowGrey,Af+Af_TbTh,Af+Af_TbN,Af+Af_highGreyLevelRun,C+C_shortRunHighGrey,JS+3D_Sc_Sf_JS,clinic+RestlessSleep,Sal+tRANCESAL,Af+Af_longRunLowGrey,Sal+oPGSAL,clinic+LowerBackPain
xgbTree_xgbTree,clinic+MouthOpen,C+C_energy,clinic+MuscleSore,C+C_longRunEmph,C+C_longRunLowGreys,C+C_entropy,C+C_runLengthNonunif,clinic+Headache,C+C_shortRunEmph,demo+Age,C+C_correlation,C+C_highGreyLevelRun,clinic+LowerBackPain,clinic+RestlessSleep,C+C_shortRunLowGrey,C+C_greyLevelNonunif,C+C_inertia,C+C_lowGreyLevelRun,C+C_invDiffMoment,C+C_shortRunHighGrey
xgbTree_lda2,C+C_shortRunLowGrey,clinic+RestlessSleep,C+C_inertia,clinic+Headache,demo+Age,clinic+MouthOpen,C+C_greyLevelNonunif,C+C_energy,C+C_longRunLowGreys,C+C_shortRunHighGrey,C+C_highGreyLevelRun,C+C_runLengthNonunif,C+C_lowGreyLevelRun,C+C_entropy,clinic+MuscleSore,C+C_shortRunEmph,C+C_invDiffMoment,C+C_longRunEmph,clinic+LowerBackPain,C+C_correlation
xgbTree_nnet,clinic+RestlessSleep,clinic+MouthOpen,C+C_lowGreyLevelRun,C+C_greyLevelNonunif,clinic+MuscleSore,clinic+LowerBackPain,C+C_energy,C+C_inertia,demo+Age,C+C_highGreyLevelRun,C+C_invDiffMoment,C+C_correlation,C+C_entropy,clinic+Headache,C+C_longRunEmph,C+C_shortRunHighGrey,C+C_runLengthNonunif,C+C_shortRunEmph,C+C_shortRunLowGrey,C+C_longRunLowGreys
xgbTree_glmboost,Ser+mMP3Seru,Af+Af_longRunHighGrey,Ser+vEGFSeru,Af+Af_highGreyLevelRun,Af+Af_inertia,Sal+tRANCESAL,Af+Af_shortRunHighGrey,C+C_shortRunHighGrey,demo+Age,Ser+tRANCESeru,Ser+tIMP1Seru,C+C_correlation,Af+Af_TbTh,Ser+eNA78Seru,Ser+bDNFSeru,Sal+angiogeninSAL,clinic+LowerBackPain,clinic+MouthOpen,Af+Af_runLengthNonunif,Af+Af_longRunLowGrey
lda2_glmnet,demo+Age,clinic+Headache,clinic+LowerBackPain,clinic+MuscleSore,clinic+RestlessSleep,clinic+MouthOpen,C+C_energy,C+C_entropy,C+C_correlation,C+C_invDiffMoment,C+C_inertia,C+C_shortRunEmph,C+C_longRunEmph,C+C_greyLevelNonunif,C+C_runLengthNonunif,C+C_lowGreyLevelRun,C+C_highGreyLevelRun,C+C_shortRunLowGrey,C+C_shortRunHighGrey,C+C_longRunLowGreys
lda2_rf,C+C_shortRunLowGrey,demo+Age,Sal+vECadherinSAL,JS+3D_Sc_Sf_JS,Ser+tRANCESeru,C+C_longRunLowGreys,C+C_highGreyLevelRun,C+C_shortRunHighGrey,clinic+MuscleSore,Af+Af_TbSp,Af+Af_lowGreyLevelRun,Af+Af_longRunLowGrey,Af+Af_BVTV,Sal+oPGSAL,Af+Af_highGreyLevelRun,Sal+tRANCESAL,clinic+MouthOpen,clinic+LowerBackPain,clinic+Headache,clinic+RestlessSleep
lda2_xgbTree,C+C_shortRunEmph,C+C_highGreyLevelRun,C+C_invDiffMoment,C+C_shortRunLowGrey,clinic+MuscleSore,C+C_lowGreyLevelRun,clinic+LowerBackPain,clinic+Headache,C+C_shortRunHighGrey,C+C_inertia,C+C_runLengthNonunif,clinic+MouthOpen,C+C_greyLevelNonunif,C+C_longRunEmph,C+C_correlation,C+C_entropy,C+C_energy,clinic+RestlessSleep,C+C_longRunLowGreys,demo+Age
lda2_lda2,C+C_shortRunLowGrey,clinic+RestlessSleep,C+C_inertia,clinic+Headache,demo+Age,clinic+MouthOpen,C+C_greyLevelNonunif,C+C_energy,C+C_longRunLowGreys,C+C_shortRunHighGrey,C+C_highGreyLevelRun,C+C_runLengthNonunif,C+C_lowGreyLevelRun,C+C_entropy,clinic+MuscleSore,C+C_shortRunEmph,C+C_invDiffMoment,C+C_longRunEmph,clinic+LowerBackPain,C+C_correlation
lda2_nnet,C+C_shortRunLowGrey,C+C_correlation,C+C_lowGreyLevelRun,C+C_inertia,C+C_longRunEmph,demo+Age,C+C_runLengthNonunif,C+C_highGreyLevelRun,C+C_entropy,C+C_shortRunHighGrey,clinic+Headache,clinic+LowerBackPain,clinic+MuscleSore,C+C_longRunLowGreys,C+C_invDiffMoment,C+C_greyLevelNonunif,clinic+MouthOpen,C+C_energy,C+C_shortRunEmph,clinic+RestlessSleep
lda2_glmboost,C+C_energy,C+C_shortRunEmph,clinic+MouthOpen,clinic+Headache,C+C_inertia,C+C_entropy,C+C_shortRunLowGrey,C+C_correlation,C+C_highGreyLevelRun,C+C_invDiffMoment,demo+Age,C+C_longRunEmph,clinic+LowerBackPain,clinic+MuscleSore,C+C_lowGreyLevelRun,C+C_shortRunHighGrey,C+C_longRunLowGreys,clinic+RestlessSleep,C+C_greyLevelNonunif,C+C_runLengthNonunif
nnet_glmnet,demo+Age,clinic+Headache,clinic+LowerBackPain,clinic+MuscleSore,clinic+RestlessSleep,clinic+MouthOpen,C+C_energy,C+C_entropy,C+C_correlation,C+C_invDiffMoment,C+C_inertia,C+C_shortRunEmph,C+C_longRunEmph,C+C_greyLevelNonunif,C+C_runLengthNonunif,C+C_lowGreyLevelRun,C+C_highGreyLevelRun,C+C_shortRunLowGrey,C+C_shortRunHighGrey,C+C_longRunLowGreys
nnet_rf,Af+Af_shortRunHighGrey,Sal+vEGFSAL,Af+Af_BSBV,Ser+tRANCESeru,Af+Af_TbN,C+C_highGreyLevelRun,Af+Af_lowGreyLevelRun,Af+Af_highGreyLevelRun,JS+3D_Sc_Sf_JS,Ser+eNA78Seru,C+C_shortRunHighGrey,Af+Af_TbSp,Af+Af_BVTV,Sal+oPGSAL,clinic+Headache,clinic+MouthOpen,Sal+tRANCESAL,clinic+LowerBackPain,clinic+RestlessSleep,Af+Af_longRunLowGrey
nnet_xgbTree,clinic+MouthOpen,C+C_energy,clinic+MuscleSore,C+C_longRunEmph,C+C_longRunLowGreys,C+C_entropy,C+C_runLengthNonunif,clinic+Headache,C+C_shortRunEmph,demo+Age,C+C_correlation,C+C_highGreyLevelRun,clinic+LowerBackPain,clinic+RestlessSleep,C+C_shortRunLowGrey,C+C_greyLevelNonunif,C+C_inertia,C+C_lowGreyLevelRun,C+C_invDiffMoment,C+C_shortRunHighGrey
nnet_lda2,C+C_shortRunLowGrey,clinic+RestlessSleep,C+C_inertia,clinic+Headache,demo+Age,clinic+MouthOpen,C+C_greyLevelNonunif,C+C_energy,C+C_longRunLowGreys,C+C_shortRunHighGrey,C+C_highGreyLevelRun,C+C_runLengthNonunif,C+C_lowGreyLevelRun,C+C_entropy,clinic+MuscleSore,C+C_shortRunEmph,C+C_invDiffMoment,C+C_longRunEmph,clinic+LowerBackPain,C+C_correlation
nnet_nnet,C+C_shortRunEmph,C+C_longRunEmph,clinic+MouthOpen,demo+Age,clinic+MuscleSore,C+C_shortRunHighGrey,clinic+LowerBackPain,C+C_longRunLowGreys,C+C_greyLevelNonunif,C+C_inertia,C+C_runLengthNonunif,C+C_shortRunLowGrey,clinic+RestlessSleep,clinic+Headache,C+C_entropy,C+C_lowGreyLevelRun,C+C_invDiffMoment,C+C_highGreyLevelRun,C+C_correlation,C+C_energy
nnet_glmboost,clinic+MuscleSore,clinic+RestlessSleep,C+C_runLengthNonunif,C+C_invDiffMoment,C+C_longRunEmph,demo+Age,C+C_lowGreyLevelRun,clinic+MouthOpen,clinic+LowerBackPain,C+C_highGreyLevelRun,C+C_inertia,clinic+Headache,C+C_correlation,C+C_shortRunLowGrey,C+C_energy,C+C_entropy,C+C_shortRunHighGrey,C+C_greyLevelNonunif,C+C_shortRunEmph,C+C_longRunLowGreys
glmboost_glmnet,demo+Age,clinic+Headache,clinic+LowerBackPain,clinic+MuscleSore,clinic+RestlessSleep,clinic+MouthOpen,C+C_energy,C+C_entropy,C+C_correlation,C+C_invDiffMoment,C+C_inertia,C+C_shortRunEmph,C+C_longRunEmph,C+C_greyLevelNonunif,C+C_runLengthNonunif,C+C_lowGreyLevelRun,C+C_highGreyLevelRun,C+C_shortRunLowGrey,C+C_shortRunHighGrey,C+C_longRunLowGreys
glmboost_rf,clinic+MuscleSore,C+C_inertia,C+C_runLengthNonunif,C+C_entropy,C+C_correlation,C+C_invDiffMoment,clinic+LowerBackPain,clinic+Headache,C+C_greyLevelNonunif,C+C_longRunEmph,demo+Age,C+C_shortRunHighGrey,C+C_longRunLowGreys,C+C_highGreyLevelRun,clinic+RestlessSleep,clinic+MouthOpen,C+C_shortRunEmph,C+C_energy,C+C_lowGreyLevelRun,C+C_shortRunLowGrey
glmboost_xgbTree,clinic+RestlessSleep,C+C_entropy,C+C_energy,clinic+LowerBackPain,clinic+MuscleSore,clinic+Headache,C+C_shortRunHighGrey,C+C_invDiffMoment,C+C_lowGreyLevelRun,C+C_correlation,C+C_longRunEmph,C+C_inertia,demo+Age,C+C_greyLevelNonunif,C+C_shortRunEmph,clinic+MouthOpen,C+C_shortRunLowGrey,C+C_runLengthNonunif,C+C_longRunLowGreys,C+C_highGreyLevelRun
glmboost_lda2,C+C_shortRunLowGrey,clinic+RestlessSleep,C+C_inertia,clinic+Headache,demo+Age,clinic+MouthOpen,C+C_greyLevelNonunif,C+C_energy,C+C_longRunLowGreys,C+C_shortRunHighGrey,C+C_highGreyLevelRun,C+C_runLengthNonunif,C+C_lowGreyLevelRun,C+C_entropy,clinic+MuscleSore,C+C_shortRunEmph,C+C_invDiffMoment,C+C_longRunEmph,clinic+LowerBackPain,C+C_correlation
glmboost_nnet,C+C_greyLevelNonunif,C+C_lowGreyLevelRun,C+C_longRunEmph,demo+Age,clinic+RestlessSleep,C+C_invDiffMoment,C+C_correlation,C+C_entropy,C+C_highGreyLevelRun,clinic+MuscleSore,C+C_shortRunEmph,C+C_energy,C+C_inertia,clinic+Headache,clinic+MouthOpen,clinic+LowerBackPain,C+C_shortRunLowGrey,C+C_longRunLowGreys,C+C_shortRunHighGrey,C+C_runLengthNonunif
glmboost_glmboost,C+C_invDiffMoment,clinic+MuscleSore,C+C_correlation,clinic+MouthOpen,C+C_shortRunEmph,C+C_lowGreyLevelRun,C+C_runLengthNonunif,demo+Age,C+C_energy,C+C_inertia,clinic+LowerBackPain,clinic+Headache,C+C_greyLevelNonunif,C+C_highGreyLevelRun,C+C_entropy,C+C_shortRunLowGrey,C+C_longRunLowGreys,clinic+RestlessSleep,C+C_longRunEmph,C+C_shortRunHighGrey
hdda_glmnet,demo+Age,clinic+Headache,clinic+LowerBackPain,clinic+MuscleSore,clinic+RestlessSleep,clinic+MouthOpen,C+C_energy,C+C_entropy,C+C_correlation,C+C_invDiffMoment,C+C_inertia,C+C_shortRunEmph,C+C_longRunEmph,C+C_greyLevelNonunif,C+C_runLengthNonunif,C+C_lowGreyLevelRun,C+C_highGreyLevelRun,C+C_shortRunLowGrey,C+C_shortRunHighGrey,C+C_longRunLowGreys
hdda_rf,Af+Af_TbTh,C+C_BSBV,C+C_shortRunHighGrey,Af+Af_shortRunLowGrey,Ser+eNA78Seru,Ser+angiogeninSeru,Af+Af_BSBV,clinic+MuscleSore,Ser+tRANCESeru,Sal+oPGSAL,C+C_highGreyLevelRun,clinic+Headache,clinic+RestlessSleep,Sal+tRANCESAL,Af+Af_BVTV,clinic+LowerBackPain,JS+3D_Sc_Sf_JS,Af+Af_highGreyLevelRun,Af+Af_longRunLowGrey,clinic+MouthOpen
hdda_xgbTree,C+C_shortRunEmph,C+C_highGreyLevelRun,C+C_invDiffMoment,C+C_shortRunLowGrey,clinic+MuscleSore,C+C_lowGreyLevelRun,clinic+LowerBackPain,clinic+Headache,C+C_shortRunHighGrey,C+C_inertia,C+C_runLengthNonunif,clinic+MouthOpen,C+C_greyLevelNonunif,C+C_longRunEmph,C+C_correlation,C+C_entropy,C+C_energy,clinic+RestlessSleep,C+C_longRunLowGreys,demo+Age
hdda_lda2,C+C_shortRunLowGrey,clinic+RestlessSleep,C+C_inertia,clinic+Headache,demo+Age,clinic+MouthOpen,C+C_greyLevelNonunif,C+C_energy,C+C_longRunLowGreys,C+C_shortRunHighGrey,C+C_highGreyLevelRun,C+C_runLengthNonunif,C+C_lowGreyLevelRun,C+C_entropy,clinic+MuscleSore,C+C_shortRunEmph,C+C_invDiffMoment,C+C_longRunEmph,clinic+LowerBackPain,C+C_correlation
hdda_nnet,clinic+MuscleSore,clinic+RestlessSleep,C+C_entropy,C+C_shortRunEmph,C+C_greyLevelNonunif,C+C_invDiffMoment,C+C_longRunEmph,demo+Age,C+C_inertia,C+C_correlation,C+C_runLengthNonunif,C+C_shortRunLowGrey,C+C_highGreyLevelRun,C+C_energy,C+C_shortRunHighGrey,clinic+Headache,clinic+MouthOpen,clinic+LowerBackPain,C+C_lowGreyLevelRun,C+C_longRunLowGreys
hdda_glmboost,C+C_shortRunHighGrey,C+C_runLengthNonunif,clinic+MuscleSore,C+C_shortRunEmph,C+C_energy,C+C_longRunLowGreys,C+C_correlation,C+C_greyLevelNonunif,C+C_inertia,C+C_invDiffMoment,clinic+RestlessSleep,C+C_shortRunLowGrey,C+C_highGreyLevelRun,clinic+MouthOpen,clinic+Headache,C+C_lowGreyLevelRun,C+C_entropy,clinic+LowerBackPain,C+C_longRunEmph,demo+Age
Test2,,,,,,,,,,,,,,,,,,,,
glmnet_glmnet,demo+Age,clinic+Headache,clinic+LowerBackPain,clinic+MuscleSore,clinic+RestlessSleep,clinic+MouthOpen,C+C_energy,C+C_entropy,C+C_correlation,C+C_invDiffMoment,C+C_inertia,C+C_shortRunEmph,C+C_longRunEmph,C+C_greyLevelNonunif,C+C_runLengthNonunif,C+C_lowGreyLevelRun,C+C_highGreyLevelRun,C+C_shortRunLowGrey,C+C_shortRunHighGrey,C+C_longRunLowGreys
glmnet_rf,demo+Age,Sal+vECadherinSAL,clinic+MuscleSore,Ser+eNA78Seru,Af+Af_TbN,Af+Af_lowGreyLevelRun,Af+Af_TbSp,JS+3D_Sc_Sf_JS,C+C_highGreyLevelRun,Af+Af_highGreyLevelRun,Af+Af_shortRunHighGrey,C+C_shortRunHighGrey,Af+Af_longRunLowGrey,Af+Af_BVTV,clinic+LowerBackPain,clinic+RestlessSleep,clinic+Headache,Sal+tRANCESAL,Sal+oPGSAL,clinic+MouthOpen
glmnet_xgbTree,C+C_shortRunEmph,C+C_highGreyLevelRun,C+C_invDiffMoment,C+C_shortRunLowGrey,clinic+MuscleSore,C+C_lowGreyLevelRun,clinic+LowerBackPain,clinic+Headache,C+C_shortRunHighGrey,C+C_inertia,C+C_runLengthNonunif,clinic+MouthOpen,C+C_greyLevelNonunif,C+C_longRunEmph,C+C_correlation,C+C_entropy,C+C_energy,clinic+RestlessSleep,C+C_longRunLowGreys,demo+Age
glmnet_lda2,C+C_shortRunLowGrey,clinic+RestlessSleep,C+C_inertia,clinic+Headache,demo+Age,clinic+MouthOpen,C+C_greyLevelNonunif,C+C_energy,C+C_longRunLowGreys,C+C_shortRunHighGrey,C+C_highGreyLevelRun,C+C_runLengthNonunif,C+C_lowGreyLevelRun,C+C_entropy,clinic+MuscleSore,C+C_shortRunEmph,C+C_invDiffMoment,C+C_longRunEmph,clinic+LowerBackPain,C+C_correlation
glmnet_nnet,C+C_BVTV,Sal+mMP7SAL,JS+3D_Sc_Sf_JS,clinic+LowerBackPain,Ser+eNA78Seru,Af+Af_greyLevelNonunif,Sal+tRANCESAL,Af+Af_longRunHighGrey,Sal+tGFb1SAL,C+C_highGreyLevelRun,Af+Af_TbN,clinic+RestlessSleep,Sal+angiogeninSAL,C+C_shortRunHighGrey,clinic+MuscleSore,Ser+bDNFSeru,clinic+Headache,Ser+mMP7Seru,Sal+oPGSAL,clinic+MouthOpen
glmnet_glmboost,Ser+bDNFSeru,Af+Af_highGreyLevelRun,Ser+vECadherinSeru,clinic+Headache,Af+Af_BSBV,Ser+oPGSeru,demo+Age,Af+Af_shortRunLowGrey,C+C_shortRunHighGrey,Af+Af_longRunHighGrey,Sal+tGFb1SAL,Af+Af_inertia,Sal+oPGSAL,Ser+angiogeninSeru,clinic+LowerBackPain,Af+Af_longRunLowGrey,Af+Af_lowGreyLevelRun,JS+3D_Sc_Sf_JS,Af+Af_shortRunHighGrey,C+C_highGreyLevelRun
svmLinear_glmnet,demo+Age,clinic+Headache,clinic+LowerBackPain,clinic+MuscleSore,clinic+RestlessSleep,clinic+MouthOpen,C+C_energy,C+C_entropy,C+C_correlation,C+C_invDiffMoment,C+C_inertia,C+C_shortRunEmph,C+C_longRunEmph,C+C_greyLevelNonunif,C+C_runLengthNonunif,C+C_lowGreyLevelRun,C+C_highGreyLevelRun,C+C_shortRunLowGrey,C+C_shortRunHighGrey,C+C_longRunLowGreys
svmLinear_rf,C+C_entropy,clinic+Headache,demo+Age,clinic+LowerBackPain,clinic+MuscleSore,clinic+MouthOpen,C+C_shortRunLowGrey,C+C_shortRunEmph,C+C_energy,C+C_inertia,clinic+RestlessSleep,C+C_longRunLowGreys,C+C_correlation,C+C_invDiffMoment,C+C_greyLevelNonunif,C+C_longRunEmph,C+C_highGreyLevelRun,C+C_lowGreyLevelRun,C+C_runLengthNonunif,C+C_shortRunHighGrey
svmLinear_xgbTree,clinic+MouthOpen,C+C_energy,clinic+MuscleSore,C+C_longRunEmph,C+C_longRunLowGreys,C+C_entropy,C+C_runLengthNonunif,clinic+Headache,C+C_shortRunEmph,demo+Age,C+C_correlation,C+C_highGreyLevelRun,clinic+LowerBackPain,clinic+RestlessSleep,C+C_shortRunLowGrey,C+C_greyLevelNonunif,C+C_inertia,C+C_lowGreyLevelRun,C+C_invDiffMoment,C+C_shortRunHighGrey
svmLinear_lda2,C+C_shortRunLowGrey,clinic+RestlessSleep,C+C_inertia,clinic+Headache,demo+Age,clinic+MouthOpen,C+C_greyLevelNonunif,C+C_energy,C+C_longRunLowGreys,C+C_shortRunHighGrey,C+C_highGreyLevelRun,C+C_runLengthNonunif,C+C_lowGreyLevelRun,C+C_entropy,clinic+MuscleSore,C+C_shortRunEmph,C+C_invDiffMoment,C+C_longRunEmph,clinic+LowerBackPain,C+C_correlation
svmLinear_nnet,C+C_shortRunHighGrey,C+C_shortRunEmph,C+C_shortRunLowGrey,C+C_longRunLowGreys,C+C_energy,C+C_longRunEmph,C+C_inertia,clinic+LowerBackPain,C+C_runLengthNonunif,C+C_invDiffMoment,clinic+Headache,C+C_greyLevelNonunif,clinic+RestlessSleep,demo+Age,clinic+MuscleSore,C+C_highGreyLevelRun,clinic+MouthOpen,C+C_correlation,C+C_entropy,C+C_lowGreyLevelRun
svmLinear_glmboost,Af+Af_shortRunHighGrey,C+C_energy,Af+Af_greyLevelNonunif,Sal+tIMP1SAL,Sal+vECadherinSAL,C+C_runLengthNonunif,Ser+vEGFSeru,Af+Af_longRunLowGrey,Sal+vEGFSAL,C+C_shortRunLowGrey,Sal+mMP7SAL,Ser+oPGSeru,clinic+LowerBackPain,Af+Af_BVTV,Af+Af_TbSp,demo+Age,Ser+bDNFSeru,clinic+RestlessSleep,Af+Af_lowGreyLevelRun,C+C_highGreyLevelRun
rf_glmnet,demo+Age,clinic+Headache,clinic+LowerBackPain,clinic+MuscleSore,clinic+RestlessSleep,clinic+MouthOpen,C+C_energy,C+C_entropy,C+C_correlation,C+C_invDiffMoment,C+C_inertia,C+C_shortRunEmph,C+C_longRunEmph,C+C_greyLevelNonunif,C+C_runLengthNonunif,C+C_lowGreyLevelRun,C+C_highGreyLevelRun,C+C_shortRunLowGrey,C+C_shortRunHighGrey,C+C_longRunLowGreys
rf_rf,clinic+MuscleSore,Af+Af_BVTV,Ser+bDNFSeru,Af+Af_invDiffMoment,Af+Af_TbSp,Ser+angiogeninSeru,Af+Af_shortRunHighGrey,Af+Af_TbTh,clinic+Headache,Af+Af_BSBV,Af+Af_shortRunEmph,JS+3D_Sc_Sf_JS,Sal+tRANCESAL,Af+Af_lowGreyLevelRun,Af+Af_highGreyLevelRun,clinic+MouthOpen,clinic+RestlessSleep,Af+Af_longRunLowGrey,Sal+oPGSAL,clinic+LowerBackPain
rf_xgbTree,clinic+RestlessSleep,C+C_entropy,C+C_energy,clinic+LowerBackPain,clinic+MuscleSore,clinic+Headache,C+C_shortRunHighGrey,C+C_invDiffMoment,C+C_lowGreyLevelRun,C+C_correlation,C+C_longRunEmph,C+C_inertia,demo+Age,C+C_greyLevelNonunif,C+C_shortRunEmph,clinic+MouthOpen,C+C_shortRunLowGrey,C+C_runLengthNonunif,C+C_longRunLowGreys,C+C_highGreyLevelRun
rf_lda2,C+C_shortRunLowGrey,clinic+RestlessSleep,C+C_inertia,clinic+Headache,demo+Age,clinic+MouthOpen,C+C_greyLevelNonunif,C+C_energy,C+C_longRunLowGreys,C+C_shortRunHighGrey,C+C_highGreyLevelRun,C+C_runLengthNonunif,C+C_lowGreyLevelRun,C+C_entropy,clinic+MuscleSore,C+C_shortRunEmph,C+C_invDiffMoment,C+C_longRunEmph,clinic+LowerBackPain,C+C_correlation
rf_nnet,clinic+LowerBackPain,C+C_shortRunLowGrey,C+C_shortRunEmph,clinic+MouthOpen,C+C_longRunEmph,C+C_inertia,C+C_entropy,C+C_invDiffMoment,C+C_lowGreyLevelRun,C+C_shortRunHighGrey,clinic+RestlessSleep,clinic+MuscleSore,demo+Age,C+C_runLengthNonunif,clinic+Headache,C+C_energy,C+C_longRunLowGreys,C+C_highGreyLevelRun,C+C_correlation,C+C_greyLevelNonunif
rf_glmboost,C+C_longRunEmph,clinic+MuscleSore,clinic+LowerBackPain,C+C_shortRunLowGrey,C+C_inertia,C+C_shortRunHighGrey,C+C_runLengthNonunif,C+C_entropy,demo+Age,C+C_energy,clinic+Headache,C+C_lowGreyLevelRun,C+C_shortRunEmph,C+C_correlation,clinic+RestlessSleep,clinic+MouthOpen,C+C_invDiffMoment,C+C_highGreyLevelRun,C+C_greyLevelNonunif,C+C_longRunLowGreys
xgbTree_glmnet,demo+Age,clinic+Headache,clinic+LowerBackPain,clinic+MuscleSore,clinic+RestlessSleep,clinic+MouthOpen,C+C_energy,C+C_entropy,C+C_correlation,C+C_invDiffMoment,C+C_inertia,C+C_shortRunEmph,C+C_longRunEmph,C+C_greyLevelNonunif,C+C_runLengthNonunif,C+C_lowGreyLevelRun,C+C_highGreyLevelRun,C+C_shortRunLowGrey,C+C_shortRunHighGrey,C+C_longRunLowGreys
xgbTree_rf,Af+Af_shortRunLowGrey,Ser+tRANCESeru,Sal+vECadherinSAL,Ser+angiogeninSeru,Af+Af_TbN,JS+3D_Sc_Sf_JS,Af+Af_TbSp,Af+Af_highGreyLevelRun,Af+Af_shortRunHighGrey,Af+Af_BVTV,Af+Af_lowGreyLevelRun,C+C_highGreyLevelRun,Af+Af_longRunLowGrey,C+C_shortRunHighGrey,Sal+oPGSAL,Sal+tRANCESAL,clinic+MouthOpen,clinic+Headache,clinic+RestlessSleep,clinic+LowerBackPain
xgbTree_xgbTree,clinic+MouthOpen,C+C_energy,clinic+MuscleSore,C+C_longRunEmph,C+C_longRunLowGreys,C+C_entropy,C+C_runLengthNonunif,clinic+Headache,C+C_shortRunEmph,demo+Age,C+C_correlation,C+C_highGreyLevelRun,clinic+LowerBackPain,clinic+RestlessSleep,C+C_shortRunLowGrey,C+C_greyLevelNonunif,C+C_inertia,C+C_lowGreyLevelRun,C+C_invDiffMoment,C+C_shortRunHighGrey
xgbTree_lda2,C+C_shortRunLowGrey,clinic+RestlessSleep,C+C_inertia,clinic+Headache,demo+Age,clinic+MouthOpen,C+C_greyLevelNonunif,C+C_energy,C+C_longRunLowGreys,C+C_shortRunHighGrey,C+C_highGreyLevelRun,C+C_runLengthNonunif,C+C_lowGreyLevelRun,C+C_entropy,clinic+MuscleSore,C+C_shortRunEmph,C+C_invDiffMoment,C+C_longRunEmph,clinic+LowerBackPain,C+C_correlation
xgbTree_nnet,clinic+LowerBackPain,clinic+RestlessSleep,clinic+Headache,clinic+MuscleSore,C+C_lowGreyLevelRun,C+C_correlation,clinic+MouthOpen,C+C_longRunEmph,demo+Age,C+C_shortRunEmph,C+C_runLengthNonunif,C+C_inertia,C+C_highGreyLevelRun,C+C_entropy,C+C_invDiffMoment,C+C_shortRunLowGrey,C+C_energy,C+C_greyLevelNonunif,C+C_shortRunHighGrey,C+C_longRunLowGreys
xgbTree_glmboost,clinic+LowerBackPain,C+C_greyLevelNonunif,C+C_inertia,C+C_longRunEmph,C+C_runLengthNonunif,C+C_entropy,C+C_shortRunHighGrey,clinic+MuscleSore,C+C_correlation,C+C_lowGreyLevelRun,C+C_energy,C+C_invDiffMoment,clinic+Headache,C+C_highGreyLevelRun,demo+Age,C+C_longRunLowGreys,clinic+MouthOpen,C+C_shortRunLowGrey,C+C_shortRunEmph,clinic+RestlessSleep
lda2_glmnet,demo+Age,clinic+Headache,clinic+LowerBackPain,clinic+MuscleSore,clinic+RestlessSleep,clinic+MouthOpen,C+C_energy,C+C_entropy,C+C_correlation,C+C_invDiffMoment,C+C_inertia,C+C_shortRunEmph,C+C_longRunEmph,C+C_greyLevelNonunif,C+C_runLengthNonunif,C+C_lowGreyLevelRun,C+C_highGreyLevelRun,C+C_shortRunLowGrey,C+C_shortRunHighGrey,C+C_longRunLowGreys
lda2_rf,C+C_longRunHighGrey,Ser+eNA78Seru,clinic+MuscleSore,Sal+vEGFSAL,Af+Af_BVTV,JS+3D_Sc_Sf_JS,Af+Af_shortRunHighGrey,Af+Af_TbN,C+C_highGreyLevelRun,Af+Af_highGreyLevelRun,Af+Af_lowGreyLevelRun,Af+Af_longRunLowGrey,C+C_shortRunHighGrey,Af+Af_TbSp,clinic+Headache,clinic+MouthOpen,Sal+tRANCESAL,clinic+RestlessSleep,Sal+oPGSAL,clinic+LowerBackPain
lda2_xgbTree,C+C_shortRunEmph,C+C_highGreyLevelRun,C+C_invDiffMoment,C+C_shortRunLowGrey,clinic+MuscleSore,C+C_lowGreyLevelRun,clinic+LowerBackPain,clinic+Headache,C+C_shortRunHighGrey,C+C_inertia,C+C_runLengthNonunif,clinic+MouthOpen,C+C_greyLevelNonunif,C+C_longRunEmph,C+C_correlation,C+C_entropy,C+C_energy,clinic+RestlessSleep,C+C_longRunLowGreys,demo+Age
lda2_lda2,C+C_shortRunLowGrey,clinic+RestlessSleep,C+C_inertia,clinic+Headache,demo+Age,clinic+MouthOpen,C+C_greyLevelNonunif,C+C_energy,C+C_longRunLowGreys,C+C_shortRunHighGrey,C+C_highGreyLevelRun,C+C_runLengthNonunif,C+C_lowGreyLevelRun,C+C_entropy,clinic+MuscleSore,C+C_shortRunEmph,C+C_invDiffMoment,C+C_longRunEmph,clinic+LowerBackPain,C+C_correlation
lda2_nnet,clinic+MouthOpen,clinic+Headache,C+C_correlation,C+C_lowGreyLevelRun,clinic+LowerBackPain,C+C_greyLevelNonunif,C+C_highGreyLevelRun,C+C_runLengthNonunif,C+C_shortRunLowGrey,C+C_longRunEmph,C+C_entropy,C+C_inertia,C+C_invDiffMoment,C+C_shortRunEmph,C+C_energy,C+C_longRunLowGreys,C+C_shortRunHighGrey,clinic+MuscleSore,demo+Age,clinic+RestlessSleep
lda2_glmboost,C+C_invDiffMoment,clinic+LowerBackPain,clinic+MuscleSore,C+C_longRunEmph,C+C_energy,C+C_entropy,C+C_inertia,C+C_shortRunHighGrey,C+C_lowGreyLevelRun,C+C_highGreyLevelRun,demo+Age,clinic+RestlessSleep,C+C_longRunLowGreys,clinic+MouthOpen,C+C_correlation,C+C_runLengthNonunif,C+C_shortRunLowGrey,clinic+Headache,C+C_shortRunEmph,C+C_greyLevelNonunif
nnet_glmnet,demo+Age,clinic+Headache,clinic+LowerBackPain,clinic+MuscleSore,clinic+RestlessSleep,clinic+MouthOpen,C+C_energy,C+C_entropy,C+C_correlation,C+C_invDiffMoment,C+C_inertia,C+C_shortRunEmph,C+C_longRunEmph,C+C_greyLevelNonunif,C+C_runLengthNonunif,C+C_lowGreyLevelRun,C+C_highGreyLevelRun,C+C_shortRunLowGrey,C+C_shortRunHighGrey,C+C_longRunLowGreys
nnet_rf,Ser+angiogeninSeru,demo+Age,Af+Af_lowGreyLevelRun,JS+3D_Sc_Sf_JS,Af+Af_TbTh,clinic+LowerBackPain,C+C_shortRunHighGrey,clinic+MuscleSore,Af+Af_TbSp,Af+Af_BVTV,Ser+eNA78Seru,Af+Af_highGreyLevelRun,C+C_highGreyLevelRun,clinic+MouthOpen,clinic+RestlessSleep,Sal+tRANCESAL,clinic+Headache,Af+Af_shortRunHighGrey,Af+Af_longRunLowGrey,Sal+oPGSAL
nnet_xgbTree,clinic+MouthOpen,C+C_energy,clinic+MuscleSore,C+C_longRunEmph,C+C_longRunLowGreys,C+C_entropy,C+C_runLengthNonunif,clinic+Headache,C+C_shortRunEmph,demo+Age,C+C_correlation,C+C_highGreyLevelRun,clinic+LowerBackPain,clinic+RestlessSleep,C+C_shortRunLowGrey,C+C_greyLevelNonunif,C+C_inertia,C+C_lowGreyLevelRun,C+C_invDiffMoment,C+C_shortRunHighGrey
nnet_lda2,C+C_shortRunLowGrey,clinic+RestlessSleep,C+C_inertia,clinic+Headache,demo+Age,clinic+MouthOpen,C+C_greyLevelNonunif,C+C_energy,C+C_longRunLowGreys,C+C_shortRunHighGrey,C+C_highGreyLevelRun,C+C_runLengthNonunif,C+C_lowGreyLevelRun,C+C_entropy,clinic+MuscleSore,C+C_shortRunEmph,C+C_invDiffMoment,C+C_longRunEmph,clinic+LowerBackPain,C+C_correlation
nnet_nnet,clinic+RestlessSleep,demo+Age,C+C_shortRunEmph,C+C_inertia,C+C_energy,C+C_runLengthNonunif,C+C_shortRunHighGrey,C+C_lowGreyLevelRun,C+C_longRunEmph,clinic+MuscleSore,clinic+Headache,C+C_entropy,C+C_invDiffMoment,C+C_highGreyLevelRun,clinic+MouthOpen,C+C_shortRunLowGrey,clinic+LowerBackPain,C+C_correlation,C+C_longRunLowGreys,C+C_greyLevelNonunif
nnet_glmboost,C+C_invDiffMoment,C+C_lowGreyLevelRun,C+C_shortRunHighGrey,clinic+MuscleSore,clinic+RestlessSleep,demo+Age,clinic+MouthOpen,C+C_greyLevelNonunif,clinic+Headache,C+C_runLengthNonunif,clinic+LowerBackPain,C+C_shortRunEmph,C+C_longRunLowGreys,C+C_shortRunLowGrey,C+C_entropy,C+C_energy,C+C_longRunEmph,C+C_correlation,C+C_highGreyLevelRun,C+C_inertia
glmboost_glmnet,demo+Age,clinic+Headache,clinic+LowerBackPain,clinic+MuscleSore,clinic+RestlessSleep,clinic+MouthOpen,C+C_energy,C+C_entropy,C+C_correlation,C+C_invDiffMoment,C+C_inertia,C+C_shortRunEmph,C+C_longRunEmph,C+C_greyLevelNonunif,C+C_runLengthNonunif,C+C_lowGreyLevelRun,C+C_highGreyLevelRun,C+C_shortRunLowGrey,C+C_shortRunHighGrey,C+C_longRunLowGreys
glmboost_rf,C+C_energy,clinic+MouthOpen,C+C_shortRunHighGrey,clinic+LowerBackPain,C+C_invDiffMoment,C+C_lowGreyLevelRun,C+C_shortRunLowGrey,C+C_greyLevelNonunif,demo+Age,C+C_entropy,C+C_correlation,C+C_shortRunEmph,clinic+RestlessSleep,clinic+MuscleSore,C+C_runLengthNonunif,C+C_highGreyLevelRun,C+C_longRunLowGreys,C+C_longRunEmph,C+C_inertia,clinic+Headache
glmboost_xgbTree,C+C_shortRunEmph,C+C_highGreyLevelRun,C+C_invDiffMoment,C+C_shortRunLowGrey,clinic+MuscleSore,C+C_lowGreyLevelRun,clinic+LowerBackPain,clinic+Headache,C+C_shortRunHighGrey,C+C_inertia,C+C_runLengthNonunif,clinic+MouthOpen,C+C_greyLevelNonunif,C+C_longRunEmph,C+C_correlation,C+C_entropy,C+C_energy,clinic+RestlessSleep,C+C_longRunLowGreys,demo+Age
glmboost_lda2,C+C_shortRunLowGrey,clinic+RestlessSleep,C+C_inertia,clinic+Headache,demo+Age,clinic+MouthOpen,C+C_greyLevelNonunif,C+C_energy,C+C_longRunLowGreys,C+C_shortRunHighGrey,C+C_highGreyLevelRun,C+C_runLengthNonunif,C+C_lowGreyLevelRun,C+C_entropy,clinic+MuscleSore,C+C_shortRunEmph,C+C_invDiffMoment,C+C_longRunEmph,clinic+LowerBackPain,C+C_correlation
glmboost_nnet,clinic+RestlessSleep,C+C_greyLevelNonunif,clinic+MouthOpen,C+C_runLengthNonunif,clinic+Headache,C+C_entropy,C+C_invDiffMoment,clinic+LowerBackPain,C+C_lowGreyLevelRun,C+C_energy,clinic+MuscleSore,C+C_inertia,C+C_correlation,C+C_shortRunEmph,C+C_shortRunHighGrey,C+C_longRunEmph,C+C_highGreyLevelRun,C+C_shortRunLowGrey,demo+Age,C+C_longRunLowGreys
glmboost_glmboost,clinic+MuscleSore,C+C_greyLevelNonunif,C+C_correlation,C+C_longRunEmph,C+C_entropy,C+C_lowGreyLevelRun,C+C_invDiffMoment,clinic+LowerBackPain,clinic+MouthOpen,demo+Age,C+C_shortRunHighGrey,clinic+RestlessSleep,clinic+Headache,C+C_longRunLowGreys,C+C_highGreyLevelRun,C+C_shortRunEmph,C+C_runLengthNonunif,C+C_shortRunLowGrey,C+C_inertia,C+C_energy
hdda_glmnet,demo+Age,clinic+Headache,clinic+LowerBackPain,clinic+MuscleSore,clinic+RestlessSleep,clinic+MouthOpen,C+C_energy,C+C_entropy,C+C_correlation,C+C_invDiffMoment,C+C_inertia,C+C_shortRunEmph,C+C_longRunEmph,C+C_greyLevelNonunif,C+C_runLengthNonunif,C+C_lowGreyLevelRun,C+C_highGreyLevelRun,C+C_shortRunLowGrey,C+C_shortRunHighGrey,C+C_longRunLowGreys
hdda_rf,Af+Af_TbSp,Af+Af_shortRunLowGrey,C+C_TbN,C+C_lowGreyLevelRun,Ser+eNA78Seru,Af+Af_TbN,Af+Af_lowGreyLevelRun,Af+Af_highGreyLevelRun,demo+Age,Af+Af_longRunLowGrey,clinic+MuscleSore,clinic+MouthOpen,Sal+tRANCESAL,JS+3D_Sc_Sf_JS,Af+Af_shortRunHighGrey,clinic+LowerBackPain,C+C_highGreyLevelRun,Sal+oPGSAL,clinic+Headache,clinic+RestlessSleep
hdda_xgbTree,C+C_correlation,C+C_shortRunEmph,C+C_highGreyLevelRun,C+C_longRunLowGreys,clinic+Headache,C+C_inertia,clinic+MouthOpen,C+C_entropy,demo+Age,C+C_runLengthNonunif,C+C_shortRunHighGrey,clinic+LowerBackPain,clinic+MuscleSore,C+C_energy,C+C_greyLevelNonunif,C+C_shortRunLowGrey,clinic+RestlessSleep,C+C_longRunEmph,C+C_invDiffMoment,C+C_lowGreyLevelRun
hdda_lda2,C+C_shortRunLowGrey,clinic+RestlessSleep,C+C_inertia,clinic+Headache,demo+Age,clinic+MouthOpen,C+C_greyLevelNonunif,C+C_energy,C+C_longRunLowGreys,C+C_shortRunHighGrey,C+C_highGreyLevelRun,C+C_runLengthNonunif,C+C_lowGreyLevelRun,C+C_entropy,clinic+MuscleSore,C+C_shortRunEmph,C+C_invDiffMoment,C+C_longRunEmph,clinic+LowerBackPain,C+C_correlation
hdda_nnet,demo+Age,clinic+RestlessSleep,C+C_invDiffMoment,C+C_entropy,C+C_longRunLowGreys,C+C_runLengthNonunif,C+C_energy,C+C_longRunEmph,clinic+Headache,C+C_lowGreyLevelRun,clinic+MuscleSore,clinic+MouthOpen,clinic+LowerBackPain,C+C_inertia,C+C_shortRunHighGrey,C+C_shortRunEmph,C+C_correlation,C+C_shortRunLowGrey,C+C_highGreyLevelRun,C+C_greyLevelNonunif
hdda_glmboost,clinic+Headache,C+C_shortRunLowGrey,clinic+MouthOpen,C+C_entropy,C+C_correlation,C+C_highGreyLevelRun,clinic+LowerBackPain,C+C_greyLevelNonunif,C+C_lowGreyLevelRun,clinic+MuscleSore,C+C_shortRunEmph,C+C_inertia,C+C_invDiffMoment,C+C_shortRunHighGrey,C+C_energy,C+C_longRunLowGreys,C+C_runLengthNonunif,demo+Age,clinic+RestlessSleep,C+C_longRunEmph
Test3,,,,,,,,,,,,,,,,,,,,
glmnet_glmnet,demo+Age,clinic+Headache,clinic+LowerBackPain,clinic+MuscleSore,clinic+RestlessSleep,clinic+MouthOpen,C+C_energy,C+C_entropy,C+C_correlation,C+C_invDiffMoment,C+C_inertia,C+C_shortRunEmph,C+C_longRunEmph,C+C_greyLevelNonunif,C+C_runLengthNonunif,C+C_lowGreyLevelRun,C+C_highGreyLevelRun,C+C_shortRunLowGrey,C+C_shortRunHighGrey,C+C_longRunLowGreys
glmnet_rf,C+C_entropy,C+C_energy,clinic+MouthOpen,C+C_longRunEmph,clinic+Headache,clinic+LowerBackPain,clinic+MuscleSore,C+C_greyLevelNonunif,C+C_shortRunEmph,demo+Age,C+C_correlation,C+C_inertia,C+C_lowGreyLevelRun,C+C_invDiffMoment,C+C_highGreyLevelRun,C+C_runLengthNonunif,C+C_longRunLowGreys,C+C_shortRunHighGrey,C+C_shortRunLowGrey,clinic+RestlessSleep
glmnet_xgbTree,C+C_shortRunEmph,C+C_highGreyLevelRun,C+C_invDiffMoment,C+C_shortRunLowGrey,clinic+MuscleSore,C+C_lowGreyLevelRun,clinic+LowerBackPain,clinic+Headache,C+C_shortRunHighGrey,C+C_inertia,C+C_runLengthNonunif,clinic+MouthOpen,C+C_greyLevelNonunif,C+C_longRunEmph,C+C_correlation,C+C_entropy,C+C_energy,clinic+RestlessSleep,C+C_longRunLowGreys,demo+Age
glmnet_lda2,C+C_shortRunLowGrey,clinic+RestlessSleep,C+C_inertia,clinic+Headache,demo+Age,clinic+MouthOpen,C+C_greyLevelNonunif,C+C_energy,C+C_longRunLowGreys,C+C_shortRunHighGrey,C+C_highGreyLevelRun,C+C_runLengthNonunif,C+C_lowGreyLevelRun,C+C_entropy,clinic+MuscleSore,C+C_shortRunEmph,C+C_invDiffMoment,C+C_longRunEmph,clinic+LowerBackPain,C+C_correlation
glmnet_nnet,clinic+RestlessSleep,clinic+MouthOpen,clinic+MuscleSore,clinic+LowerBackPain,C+C_runLengthNonunif,C+C_shortRunEmph,C+C_inertia,C+C_highGreyLevelRun,C+C_shortRunLowGrey,C+C_lowGreyLevelRun,C+C_longRunLowGreys,C+C_energy,demo+Age,C+C_shortRunHighGrey,clinic+Headache,C+C_correlation,C+C_greyLevelNonunif,C+C_longRunEmph,C+C_entropy,C+C_invDiffMoment
glmnet_glmboost,clinic+Headache,clinic+MuscleSore,C+C_correlation,C+C_greyLevelNonunif,C+C_shortRunHighGrey,C+C_energy,C+C_runLengthNonunif,clinic+RestlessSleep,C+C_longRunLowGreys,demo+Age,C+C_shortRunEmph,clinic+LowerBackPain,clinic+MouthOpen,C+C_entropy,C+C_invDiffMoment,C+C_longRunEmph,C+C_highGreyLevelRun,C+C_shortRunLowGrey,C+C_inertia,C+C_lowGreyLevelRun
svmLinear_glmnet,demo+Age,clinic+Headache,clinic+LowerBackPain,clinic+MuscleSore,clinic+RestlessSleep,clinic+MouthOpen,C+C_energy,C+C_entropy,C+C_correlation,C+C_invDiffMoment,C+C_inertia,C+C_shortRunEmph,C+C_longRunEmph,C+C_greyLevelNonunif,C+C_runLengthNonunif,C+C_lowGreyLevelRun,C+C_highGreyLevelRun,C+C_shortRunLowGrey,C+C_shortRunHighGrey,C+C_longRunLowGreys
svmLinear_rf,Af+Af_runLengthNonunif,C+C_longRunHighGrey,Af+Af_TbN,Af+Af_TbSp,clinic+MuscleSore,demo+Age,Ser+eNA78Seru,Af+Af_BVTV,clinic+Headache,JS+3D_Sc_Sf_JS,Ser+angiogeninSeru,C+C_highGreyLevelRun,Sal+oPGSAL,clinic+LowerBackPain,Af+Af_lowGreyLevelRun,Af+Af_shortRunHighGrey,Af+Af_highGreyLevelRun,Sal+tRANCESAL,Af+Af_longRunLowGrey,clinic+RestlessSleep
svmLinear_xgbTree,clinic+MouthOpen,C+C_energy,clinic+MuscleSore,C+C_longRunEmph,C+C_longRunLowGreys,C+C_entropy,C+C_runLengthNonunif,clinic+Headache,C+C_shortRunEmph,demo+Age,C+C_correlation,C+C_highGreyLevelRun,clinic+LowerBackPain,clinic+RestlessSleep,C+C_shortRunLowGrey,C+C_greyLevelNonunif,C+C_inertia,C+C_lowGreyLevelRun,C+C_invDiffMoment,C+C_shortRunHighGrey
svmLinear_lda2,C+C_shortRunLowGrey,clinic+RestlessSleep,C+C_inertia,clinic+Headache,demo+Age,clinic+MouthOpen,C+C_greyLevelNonunif,C+C_energy,C+C_longRunLowGreys,C+C_shortRunHighGrey,C+C_highGreyLevelRun,C+C_runLengthNonunif,C+C_lowGreyLevelRun,C+C_entropy,clinic+MuscleSore,C+C_shortRunEmph,C+C_invDiffMoment,C+C_longRunEmph,clinic+LowerBackPain,C+C_correlation
svmLinear_nnet,C+C_runLengthNonunif,demo+Age,clinic+MuscleSore,C+C_invDiffMoment,C+C_correlation,C+C_greyLevelNonunif,C+C_shortRunHighGrey,clinic+Headache,C+C_longRunEmph,C+C_lowGreyLevelRun,clinic+LowerBackPain,C+C_shortRunLowGrey,C+C_entropy,clinic+RestlessSleep,C+C_inertia,C+C_longRunLowGreys,C+C_energy,C+C_shortRunEmph,C+C_highGreyLevelRun,clinic+MouthOpen
svmLinear_glmboost,C+C_longRunLowGreys,clinic+LowerBackPain,C+C_longRunEmph,clinic+RestlessSleep,C+C_shortRunEmph,C+C_shortRunLowGrey,demo+Age,clinic+MouthOpen,clinic+Headache,C+C_invDiffMoment,C+C_inertia,C+C_entropy,C+C_runLengthNonunif,C+C_highGreyLevelRun,C+C_correlation,C+C_greyLevelNonunif,clinic+MuscleSore,C+C_lowGreyLevelRun,C+C_shortRunHighGrey,C+C_energy
rf_glmnet,demo+Age,clinic+Headache,clinic+LowerBackPain,clinic+MuscleSore,clinic+RestlessSleep,clinic+MouthOpen,C+C_energy,C+C_entropy,C+C_correlation,C+C_invDiffMoment,C+C_inertia,C+C_shortRunEmph,C+C_longRunEmph,C+C_greyLevelNonunif,C+C_runLengthNonunif,C+C_lowGreyLevelRun,C+C_highGreyLevelRun,C+C_shortRunLowGrey,C+C_shortRunHighGrey,C+C_longRunLowGreys
rf_rf,Af+Af_shortRunLowGrey,Ser+eNA78Seru,clinic+MuscleSore,Af+Af_TbSp,Ser+tRANCESeru,Af+Af_TbN,Af+Af_highGreyLevelRun,JS+3D_Sc_Sf_JS,Af+Af_BVTV,Af+Af_lowGreyLevelRun,Af+Af_shortRunHighGrey,C+C_shortRunHighGrey,C+C_highGreyLevelRun,Af+Af_longRunLowGrey,clinic+Headache,clinic+LowerBackPain,clinic+MouthOpen,Sal+oPGSAL,Sal+tRANCESAL,clinic+RestlessSleep
rf_xgbTree,C+C_correlation,demo+Age,C+C_highGreyLevelRun,C+C_invDiffMoment,clinic+MouthOpen,clinic+LowerBackPain,C+C_shortRunHighGrey,C+C_energy,C+C_inertia,clinic+MuscleSore,C+C_entropy,clinic+RestlessSleep,C+C_shortRunEmph,C+C_greyLevelNonunif,clinic+Headache,C+C_longRunEmph,C+C_runLengthNonunif,C+C_lowGreyLevelRun,C+C_shortRunLowGrey,C+C_longRunLowGreys
rf_lda2,C+C_shortRunLowGrey,clinic+RestlessSleep,C+C_inertia,clinic+Headache,demo+Age,clinic+MouthOpen,C+C_greyLevelNonunif,C+C_energy,C+C_longRunLowGreys,C+C_shortRunHighGrey,C+C_highGreyLevelRun,C+C_runLengthNonunif,C+C_lowGreyLevelRun,C+C_entropy,clinic+MuscleSore,C+C_shortRunEmph,C+C_invDiffMoment,C+C_longRunEmph,clinic+LowerBackPain,C+C_correlation
rf_nnet,C+C_invDiffMoment,demo+Age,C+C_energy,clinic+MouthOpen,C+C_shortRunLowGrey,C+C_entropy,clinic+RestlessSleep,C+C_inertia,clinic+Headache,C+C_runLengthNonunif,clinic+MuscleSore,C+C_correlation,C+C_lowGreyLevelRun,C+C_shortRunHighGrey,clinic+LowerBackPain,C+C_shortRunEmph,C+C_greyLevelNonunif,C+C_longRunLowGreys,C+C_longRunEmph,C+C_highGreyLevelRun
rf_glmboost,C+C_shortRunLowGrey,clinic+MouthOpen,demo+Age,C+C_correlation,C+C_entropy,C+C_greyLevelNonunif,C+C_energy,C+C_invDiffMoment,C+C_highGreyLevelRun,C+C_inertia,clinic+MuscleSore,clinic+Headache,C+C_longRunLowGreys,clinic+LowerBackPain,C+C_shortRunHighGrey,C+C_shortRunEmph,clinic+RestlessSleep,C+C_lowGreyLevelRun,C+C_longRunEmph,C+C_runLengthNonunif
xgbTree_glmnet,demo+Age,clinic+Headache,clinic+LowerBackPain,clinic+MuscleSore,clinic+RestlessSleep,clinic+MouthOpen,C+C_energy,C+C_entropy,C+C_correlation,C+C_invDiffMoment,C+C_inertia,C+C_shortRunEmph,C+C_longRunEmph,C+C_greyLevelNonunif,C+C_runLengthNonunif,C+C_lowGreyLevelRun,C+C_highGreyLevelRun,C+C_shortRunLowGrey,C+C_shortRunHighGrey,C+C_longRunLowGreys
xgbTree_rf,Af+Af_inertia,Af+Af_shortRunLowGrey,Af+Af_highGreyLevelRun,Af+Af_TbN,Ser+angiogeninSeru,Af+Af_longRunHighGrey,clinic+MuscleSore,Af+Af_BVTV,Af+Af_lowGreyLevelRun,C+C_shortRunHighGrey,JS+3D_Sc_Sf_JS,C+C_highGreyLevelRun,Af+Af_TbSp,Af+Af_longRunLowGrey,clinic+RestlessSleep,Sal+tRANCESAL,clinic+LowerBackPain,Sal+oPGSAL,clinic+MouthOpen,clinic+Headache
xgbTree_xgbTree,clinic+MouthOpen,C+C_energy,clinic+MuscleSore,C+C_longRunEmph,C+C_longRunLowGreys,C+C_entropy,C+C_runLengthNonunif,clinic+Headache,C+C_shortRunEmph,demo+Age,C+C_correlation,C+C_highGreyLevelRun,clinic+LowerBackPain,clinic+RestlessSleep,C+C_shortRunLowGrey,C+C_greyLevelNonunif,C+C_inertia,C+C_lowGreyLevelRun,C+C_invDiffMoment,C+C_shortRunHighGrey
xgbTree_lda2,C+C_shortRunLowGrey,clinic+RestlessSleep,C+C_inertia,clinic+Headache,demo+Age,clinic+MouthOpen,C+C_greyLevelNonunif,C+C_energy,C+C_longRunLowGreys,C+C_shortRunHighGrey,C+C_highGreyLevelRun,C+C_runLengthNonunif,C+C_lowGreyLevelRun,C+C_entropy,clinic+MuscleSore,C+C_shortRunEmph,C+C_invDiffMoment,C+C_longRunEmph,clinic+LowerBackPain,C+C_correlation
xgbTree_nnet,clinic+MuscleSore,clinic+LowerBackPain,C+C_energy,C+C_shortRunLowGrey,C+C_runLengthNonunif,demo+Age,C+C_shortRunHighGrey,C+C_correlation,C+C_highGreyLevelRun,C+C_entropy,C+C_longRunEmph,C+C_inertia,clinic+RestlessSleep,clinic+MouthOpen,C+C_shortRunEmph,C+C_lowGreyLevelRun,C+C_invDiffMoment,clinic+Headache,C+C_longRunLowGreys,C+C_greyLevelNonunif
xgbTree_glmboost,C+C_correlation,clinic+Headache,C+C_greyLevelNonunif,C+C_inertia,clinic+RestlessSleep,C+C_lowGreyLevelRun,C+C_shortRunHighGrey,clinic+LowerBackPain,demo+Age,clinic+MouthOpen,C+C_longRunLowGreys,C+C_shortRunEmph,C+C_invDiffMoment,C+C_shortRunLowGrey,C+C_energy,C+C_entropy,clinic+MuscleSore,C+C_longRunEmph,C+C_highGreyLevelRun,C+C_runLengthNonunif
lda2_glmnet,demo+Age,clinic+Headache,clinic+LowerBackPain,clinic+MuscleSore,clinic+RestlessSleep,clinic+MouthOpen,C+C_energy,C+C_entropy,C+C_correlation,C+C_invDiffMoment,C+C_inertia,C+C_shortRunEmph,C+C_longRunEmph,C+C_greyLevelNonunif,C+C_runLengthNonunif,C+C_lowGreyLevelRun,C+C_highGreyLevelRun,C+C_shortRunLowGrey,C+C_shortRunHighGrey,C+C_longRunLowGreys
lda2_rf,Ser+angiogeninSeru,Af+Af_highGreyLevelRun,Af+Af_shortRunLowGrey,Af+Af_TbN,Ser+tRANCESeru,Af+Af_BVTV,Af+Af_TbSp,C+C_highGreyLevelRun,Ser+eNA78Seru,Af+Af_lowGreyLevelRun,C+C_shortRunHighGrey,Af+Af_longRunLowGrey,JS+3D_Sc_Sf_JS,Sal+oPGSAL,Af+Af_shortRunHighGrey,clinic+Headache,clinic+MouthOpen,Sal+tRANCESAL,clinic+LowerBackPain,clinic+RestlessSleep
lda2_xgbTree,C+C_shortRunEmph,C+C_highGreyLevelRun,C+C_invDiffMoment,C+C_shortRunLowGrey,clinic+MuscleSore,C+C_lowGreyLevelRun,clinic+LowerBackPain,clinic+Headache,C+C_shortRunHighGrey,C+C_inertia,C+C_runLengthNonunif,clinic+MouthOpen,C+C_greyLevelNonunif,C+C_longRunEmph,C+C_correlation,C+C_entropy,C+C_energy,clinic+RestlessSleep,C+C_longRunLowGreys,demo+Age
lda2_lda2,C+C_shortRunLowGrey,clinic+RestlessSleep,C+C_inertia,clinic+Headache,demo+Age,clinic+MouthOpen,C+C_greyLevelNonunif,C+C_energy,C+C_longRunLowGreys,C+C_shortRunHighGrey,C+C_highGreyLevelRun,C+C_runLengthNonunif,C+C_lowGreyLevelRun,C+C_entropy,clinic+MuscleSore,C+C_shortRunEmph,C+C_invDiffMoment,C+C_longRunEmph,clinic+LowerBackPain,C+C_correlation
lda2_nnet,C+C_runLengthNonunif,demo+Age,C+C_inertia,clinic+MuscleSore,C+C_entropy,C+C_energy,C+C_longRunEmph,C+C_invDiffMoment,clinic+LowerBackPain,clinic+Headache,C+C_highGreyLevelRun,C+C_shortRunLowGrey,clinic+MouthOpen,C+C_lowGreyLevelRun,C+C_shortRunHighGrey,C+C_shortRunEmph,clinic+RestlessSleep,C+C_greyLevelNonunif,C+C_correlation,C+C_longRunLowGreys
lda2_glmboost,C+C_lowGreyLevelRun,clinic+MouthOpen,C+C_energy,clinic+RestlessSleep,C+C_correlation,C+C_entropy,C+C_runLengthNonunif,demo+Age,C+C_shortRunEmph,clinic+MuscleSore,clinic+LowerBackPain,clinic+Headache,C+C_shortRunHighGrey,C+C_greyLevelNonunif,C+C_highGreyLevelRun,C+C_longRunEmph,C+C_shortRunLowGrey,C+C_inertia,C+C_longRunLowGreys,C+C_invDiffMoment
nnet_glmnet,demo+Age,clinic+Headache,clinic+LowerBackPain,clinic+MuscleSore,clinic+RestlessSleep,clinic+MouthOpen,C+C_energy,C+C_entropy,C+C_correlation,C+C_invDiffMoment,C+C_inertia,C+C_shortRunEmph,C+C_longRunEmph,C+C_greyLevelNonunif,C+C_runLengthNonunif,C+C_lowGreyLevelRun,C+C_highGreyLevelRun,C+C_shortRunLowGrey,C+C_shortRunHighGrey,C+C_longRunLowGreys
nnet_rf,Ser+angiogeninSeru,C+C_longRunHighGrey,Af+Af_TbN,Af+Af_shortRunLowGrey,Af+Af_BVTV,Af+Af_shortRunHighGrey,clinic+MuscleSore,Af+Af_longRunLowGrey,Af+Af_highGreyLevelRun,JS+3D_Sc_Sf_JS,C+C_shortRunHighGrey,Af+Af_TbSp,Af+Af_lowGreyLevelRun,C+C_highGreyLevelRun,Sal+oPGSAL,Sal+tRANCESAL,clinic+RestlessSleep,clinic+LowerBackPain,clinic+Headache,clinic+MouthOpen
nnet_xgbTree,C+C_lowGreyLevelRun,C+C_longRunLowGreys,C+C_inertia,C+C_entropy,clinic+RestlessSleep,C+C_shortRunEmph,demo+Age,clinic+LowerBackPain,clinic+MouthOpen,C+C_longRunEmph,clinic+Headache,C+C_runLengthNonunif,clinic+MuscleSore,C+C_correlation,C+C_energy,C+C_invDiffMoment,C+C_greyLevelNonunif,C+C_highGreyLevelRun,C+C_shortRunLowGrey,C+C_shortRunHighGrey
nnet_lda2,C+C_shortRunLowGrey,clinic+RestlessSleep,C+C_inertia,clinic+Headache,demo+Age,clinic+MouthOpen,C+C_greyLevelNonunif,C+C_energy,C+C_longRunLowGreys,C+C_shortRunHighGrey,C+C_highGreyLevelRun,C+C_runLengthNonunif,C+C_lowGreyLevelRun,C+C_entropy,clinic+MuscleSore,C+C_shortRunEmph,C+C_invDiffMoment,C+C_longRunEmph,clinic+LowerBackPain,C+C_correlation
nnet_nnet,C+C_longRunLowGreys,clinic+MouthOpen,C+C_shortRunHighGrey,C+C_invDiffMoment,C+C_longRunEmph,C+C_energy,clinic+RestlessSleep,clinic+LowerBackPain,clinic+Headache,C+C_runLengthNonunif,C+C_entropy,C+C_greyLevelNonunif,C+C_lowGreyLevelRun,C+C_highGreyLevelRun,demo+Age,C+C_correlation,clinic+MuscleSore,C+C_shortRunLowGrey,C+C_shortRunEmph,C+C_inertia
nnet_glmboost,C+C_shortRunEmph,demo+Age,C+C_shortRunHighGrey,C+C_greyLevelNonunif,clinic+MuscleSore,C+C_correlation,C+C_invDiffMoment,clinic+LowerBackPain,C+C_highGreyLevelRun,C+C_runLengthNonunif,C+C_longRunLowGreys,C+C_lowGreyLevelRun,C+C_longRunEmph,clinic+RestlessSleep,clinic+Headache,C+C_entropy,C+C_shortRunLowGrey,C+C_energy,clinic+MouthOpen,C+C_inertia
glmboost_glmnet,demo+Age,clinic+Headache,clinic+LowerBackPain,clinic+MuscleSore,clinic+RestlessSleep,clinic+MouthOpen,C+C_energy,C+C_entropy,C+C_correlation,C+C_invDiffMoment,C+C_inertia,C+C_shortRunEmph,C+C_longRunEmph,C+C_greyLevelNonunif,C+C_runLengthNonunif,C+C_lowGreyLevelRun,C+C_highGreyLevelRun,C+C_shortRunLowGrey,C+C_shortRunHighGrey,C+C_longRunLowGreys
glmboost_rf,Ser+angiogeninSeru,Af+Af_BVTV,Af+Af_shortRunHighGrey,Af+Af_TbN,Sal+tRANCESAL,Ser+eNA78Seru,JS+3D_Sc_Sf_JS,Af+Af_TbSp,Af+Af_highGreyLevelRun,C+C_highGreyLevelRun,Af+Af_lowGreyLevelRun,clinic+MuscleSore,Af+Af_BSBV,Af+Af_shortRunLowGrey,clinic+LowerBackPain,Af+Af_longRunLowGrey,clinic+MouthOpen,clinic+RestlessSleep,Sal+oPGSAL,clinic+Headache
glmboost_xgbTree,C+C_invDiffMoment,C+C_correlation,C+C_longRunLowGreys,C+C_entropy,C+C_shortRunLowGrey,C+C_runLengthNonunif,clinic+MuscleSore,clinic+RestlessSleep,C+C_inertia,C+C_energy,clinic+MouthOpen,C+C_lowGreyLevelRun,C+C_shortRunEmph,C+C_shortRunHighGrey,C+C_longRunEmph,demo+Age,C+C_highGreyLevelRun,clinic+LowerBackPain,C+C_greyLevelNonunif,clinic+Headache
glmboost_lda2,C+C_shortRunLowGrey,clinic+RestlessSleep,C+C_inertia,clinic+Headache,demo+Age,clinic+MouthOpen,C+C_greyLevelNonunif,C+C_energy,C+C_longRunLowGreys,C+C_shortRunHighGrey,C+C_highGreyLevelRun,C+C_runLengthNonunif,C+C_lowGreyLevelRun,C+C_entropy,clinic+MuscleSore,C+C_shortRunEmph,C+C_invDiffMoment,C+C_longRunEmph,clinic+LowerBackPain,C+C_correlation
glmboost_nnet,Af+Af_BSBV,Sal+mMP7SAL,Ser+mMP3Seru,JS+3D_Sc_Sf_JS,C+C_BVTV,Sal+angiogeninSAL,C+C_BSBV,clinic+RestlessSleep,C+C_highGreyLevelRun,Sal+tGFb1SAL,Ser+eNA78Seru,clinic+Headache,Af+Af_longRunHighGrey,Af+Af_greyLevelNonunif,C+C_shortRunHighGrey,clinic+MuscleSore,Ser+bDNFSeru,Ser+mMP7Seru,clinic+MouthOpen,Sal+oPGSAL
glmboost_glmboost,demo+Age,C+C_shortRunEmph,C+C_lowGreyLevelRun,C+C_longRunLowGreys,C+C_invDiffMoment,C+C_runLengthNonunif,C+C_greyLevelNonunif,clinic+LowerBackPain,C+C_energy,C+C_highGreyLevelRun,clinic+MouthOpen,clinic+RestlessSleep,C+C_entropy,C+C_inertia,C+C_shortRunLowGrey,C+C_longRunEmph,clinic+MuscleSore,clinic+Headache,C+C_correlation,C+C_shortRunHighGrey
hdda_glmnet,demo+Age,clinic+Headache,clinic+LowerBackPain,clinic+MuscleSore,clinic+RestlessSleep,clinic+MouthOpen,C+C_energy,C+C_entropy,C+C_correlation,C+C_invDiffMoment,C+C_inertia,C+C_shortRunEmph,C+C_longRunEmph,C+C_greyLevelNonunif,C+C_runLengthNonunif,C+C_lowGreyLevelRun,C+C_highGreyLevelRun,C+C_shortRunLowGrey,C+C_shortRunHighGrey,C+C_longRunLowGreys
hdda_rf,C+C_correlation,C+C_energy,clinic+LowerBackPain,C+C_longRunLowGreys,C+C_shortRunEmph,clinic+Headache,C+C_greyLevelNonunif,C+C_runLengthNonunif,C+C_longRunEmph,C+C_entropy,clinic+MouthOpen,C+C_lowGreyLevelRun,C+C_invDiffMoment,clinic+RestlessSleep,demo+Age,C+C_shortRunLowGrey,clinic+MuscleSore,C+C_highGreyLevelRun,C+C_inertia,C+C_shortRunHighGrey
hdda_xgbTree,C+C_shortRunEmph,C+C_highGreyLevelRun,C+C_invDiffMoment,C+C_shortRunLowGrey,clinic+MuscleSore,C+C_lowGreyLevelRun,clinic+LowerBackPain,clinic+Headache,C+C_shortRunHighGrey,C+C_inertia,C+C_runLengthNonunif,clinic+MouthOpen,C+C_greyLevelNonunif,C+C_longRunEmph,C+C_correlation,C+C_entropy,C+C_energy,clinic+RestlessSleep,C+C_longRunLowGreys,demo+Age
hdda_lda2,C+C_shortRunLowGrey,clinic+RestlessSleep,C+C_inertia,clinic+Headache,demo+Age,clinic+MouthOpen,C+C_greyLevelNonunif,C+C_energy,C+C_longRunLowGreys,C+C_shortRunHighGrey,C+C_highGreyLevelRun,C+C_runLengthNonunif,C+C_lowGreyLevelRun,C+C_entropy,clinic+MuscleSore,C+C_shortRunEmph,C+C_invDiffMoment,C+C_longRunEmph,clinic+LowerBackPain,C+C_correlation
hdda_nnet,C+C_invDiffMoment,C+C_greyLevelNonunif,C+C_lowGreyLevelRun,C+C_runLengthNonunif,C+C_shortRunHighGrey,C+C_energy,C+C_longRunEmph,C+C_shortRunLowGrey,C+C_correlation,C+C_entropy,clinic+Headache,C+C_shortRunEmph,demo+Age,clinic+MuscleSore,clinic+MouthOpen,C+C_highGreyLevelRun,C+C_longRunLowGreys,clinic+RestlessSleep,C+C_inertia,clinic+LowerBackPain
hdda_glmboost,demo+Age,clinic+LowerBackPain,clinic+RestlessSleep,clinic+MouthOpen,clinic+MuscleSore,C+C_invDiffMoment,C+C_entropy,C+C_shortRunLowGrey,C+C_energy,C+C_highGreyLevelRun,C+C_greyLevelNonunif,C+C_longRunEmph,C+C_lowGreyLevelRun,C+C_runLengthNonunif,C+C_correlation,C+C_inertia,C+C_shortRunEmph,clinic+Headache,C+C_longRunLowGreys,C+C_shortRunHighGrey
glmnet_glmnet,demo+Age,C+C_longRunHighGrey,C+C_shortRunHighGrey,C+C_shortRunLowGrey,C+C_highGreyLevelRun,C+C_lowGreyLevelRun,C+C_runLengthNonunif,C+C_greyLevelNonunif,C+C_longRunEmph,C+C_shortRunEmph,C+C_longRunLowGreys,C+C_invDiffMoment,C+C_correlation,C+C_entropy,C+C_energy,clinic+MouthOpen,clinic+RestlessSleep,clinic+MuscleSore,clinic+LowerBackPain,C+C_inertia,clinic+Headache,C+C_BVTV,C+C_TbTh,C+C_TbSp,C+C_TbN,C+C_BSBV,Af+Af_energy,Af+Af_entropy,Af+Af_correlation,Af+Af_invDiffMoment,Af+Af_inertia,Af+Af_shortRunEmph,Af+Af_longRunEmph,Af+Af_greyLevelNonunif,Af+Af_runLengthNonunif,Af+Af_lowGreyLevelRun,Af+Af_highGreyLevelRun,Af+Af_shortRunLowGrey,Af+Af_shortRunHighGrey,Af+Af_longRunLowGrey
glmnet_rf,Af+Af_BSBV,Af+Af_shortRunEmph,C+C_longRunLowGreys,Ser+angiogeninSeru,JS+3D_Sc_Sf_JS,C+C_longRunHighGrey,C+C_longRunEmph,C+C_shortRunLowGrey,Af+Af_TbTh,Af+Af_greyLevelNonunif,Af+Af_longRunEmph,Ser+vEGFSeru,Af+Af_shortRunLowGrey,Af+Af_runLengthNonunif,Sal+angiogeninSAL,Sal+vECadherinSAL,Af+Af_longRunHighGrey,C+C_BSBV,Af+Af_TbN,C+C_TbN,Af+Af_TbSp,Af+Af_BVTV,C+C_lowGreyLevelRun,C+C_highGreyLevelRun,Ser+eNA78Seru,Af+Af_lowGreyLevelRun,demo+Age,Ser+bDNFSeru,C+C_shortRunHighGrey,clinic+RestlessSleep,clinic+MuscleSore,Ser+tRANCESeru,Af+Af_shortRunHighGrey,Sal+tRANCESAL,Af+Af_highGreyLevelRun,clinic+LowerBackPain,clinic+MouthOpen,clinic+Headache,Af+Af_longRunLowGrey,Sal+oPGSAL
glmnet_xgbTree,C+C_TbN,Af+Af_greyLevelNonunif,C+C_BSBV,C+C_shortRunLowGrey,C+C_greyLevelNonunif,C+C_correlation,clinic+MuscleSore,clinic+RestlessSleep,clinic+Headache,C+C_highGreyLevelRun,demo+Age,C+C_entropy,C+C_shortRunEmph,C+C_inertia,C+C_longRunEmph,C+C_runLengthNonunif,C+C_invDiffMoment,Af+Af_invDiffMoment,C+C_energy,clinic+MouthOpen,C+C_longRunLowGreys,C+C_shortRunHighGrey,C+C_longRunHighGrey,C+C_lowGreyLevelRun,C+C_TbSp,Af+Af_correlation,C+C_TbTh,Af+Af_inertia,C+C_BVTV,Af+Af_energy,Af+Af_entropy,clinic+LowerBackPain,Af+Af_shortRunEmph,Af+Af_lowGreyLevelRun,Af+Af_longRunEmph,Af+Af_shortRunLowGrey,Af+Af_runLengthNonunif,Af+Af_highGreyLevelRun,Af+Af_longRunLowGrey,Af+Af_shortRunHighGrey
glmnet_lda2,C+C_greyLevelNonunif,clinic+LowerBackPain,demo+Age,Af+Af_longRunLowGrey,C+C_energy,C+C_longRunEmph,C+C_runLengthNonunif,Af+Af_shortRunEmph,C+C_longRunHighGrey,C+C_shortRunLowGrey,C+C_highGreyLevelRun,C+C_lowGreyLevelRun,Af+Af_greyLevelNonunif,clinic+RestlessSleep,clinic+Headache,clinic+MouthOpen,C+C_TbN,Af+Af_energy,C+C_longRunLowGreys,C+C_shortRunHighGrey,C+C_entropy,C+C_correlation,Af+Af_highGreyLevelRun,Af+Af_shortRunHighGrey,C+C_BVTV,Af+Af_inertia,Af+Af_entropy,Af+Af_invDiffMoment,clinic+MuscleSore,C+C_inertia,Af+Af_shortRunLowGrey,Af+Af_lowGreyLevelRun,C+C_invDiffMoment,C+C_shortRunEmph,C+C_TbTh,C+C_BSBV,Af+Af_runLengthNonunif,C+C_TbSp,Af+Af_longRunEmph,Af+Af_correlation
glmnet_nnet,C+C_highGreyLevelRun,C+C_shortRunLowGrey,C+C_TbTh,C+C_energy,C+C_greyLevelNonunif,C+C_inertia,C+C_longRunHighGrey,Af+Af_lowGreyLevelRun,C+C_longRunLowGreys,clinic+MuscleSore,clinic+Headache,C+C_invDiffMoment,Af+Af_highGreyLevelRun,C+C_BVTV,Af+Af_invDiffMoment,C+C_lowGreyLevelRun,demo+Age,Af+Af_entropy,clinic+RestlessSleep,Af+Af_shortRunLowGrey,C+C_TbN,C+C_entropy,C+C_longRunEmph,clinic+MouthOpen,C+C_shortRunHighGrey,C+C_BSBV,C+C_TbSp,Af+Af_longRunEmph,Af+Af_correlation,Af+Af_shortRunHighGrey,Af+Af_longRunLowGrey,Af+Af_inertia,C+C_shortRunEmph,Af+Af_greyLevelNonunif,Af+Af_energy,clinic+LowerBackPain,Af+Af_shortRunEmph,C+C_runLengthNonunif,C+C_correlation,Af+Af_runLengthNonunif
glmnet_glmboost,Af+Af_longRunLowGrey,Af+Af_energy,Af+Af_shortRunEmph,C+C_TbN,Af+Af_longRunEmph,C+C_TbTh,C+C_longRunHighGrey,C+C_shortRunHighGrey,C+C_lowGreyLevelRun,Af+Af_lowGreyLevelRun,C+C_runLengthNonunif,Af+Af_shortRunLowGrey,clinic+LowerBackPain,C+C_correlation,clinic+MuscleSore,clinic+RestlessSleep,C+C_entropy,Af+Af_correlation,Af+Af_greyLevelNonunif,clinic+MouthOpen,Af+Af_inertia,C+C_shortRunEmph,C+C_longRunEmph,C+C_shortRunLowGrey,Af+Af_entropy,Af+Af_shortRunHighGrey,Af+Af_runLengthNonunif,C+C_inertia,Af+Af_highGreyLevelRun,C+C_energy,C+C_longRunLowGreys,C+C_TbSp,C+C_BSBV,Af+Af_invDiffMoment,C+C_invDiffMoment,demo+Age,C+C_greyLevelNonunif,C+C_highGreyLevelRun,C+C_BVTV,clinic+Headache
svmLinear_glmnet,demo+Age,C+C_longRunHighGrey,C+C_shortRunHighGrey,C+C_shortRunLowGrey,C+C_highGreyLevelRun,C+C_lowGreyLevelRun,C+C_runLengthNonunif,C+C_greyLevelNonunif,C+C_longRunEmph,C+C_shortRunEmph,C+C_longRunLowGreys,C+C_invDiffMoment,C+C_correlation,C+C_entropy,C+C_energy,clinic+MouthOpen,clinic+RestlessSleep,clinic+MuscleSore,clinic+LowerBackPain,C+C_inertia,clinic+Headache,C+C_BVTV,C+C_TbTh,C+C_TbSp,C+C_TbN,C+C_BSBV,Af+Af_energy,Af+Af_entropy,Af+Af_correlation,Af+Af_invDiffMoment,Af+Af_inertia,Af+Af_shortRunEmph,Af+Af_longRunEmph,Af+Af_greyLevelNonunif,Af+Af_runLengthNonunif,Af+Af_lowGreyLevelRun,Af+Af_highGreyLevelRun,Af+Af_shortRunLowGrey,Af+Af_shortRunHighGrey,Af+Af_longRunLowGrey
svmLinear_rf,Sal+angiogeninSAL,Ser+vECadherinSeru,C+C_greyLevelNonunif,C+C_lowGreyLevelRun,Ser+mMP7Seru,C+C_shortRunLowGrey,Ser+bDNFSeru,Ser+angiogeninSeru,C+C_TbTh,Af+Af_longRunHighGrey,C+C_longRunLowGreys,Af+Af_TbTh,C+C_BSBV,Sal+vEGFSAL,C+C_longRunHighGrey,Sal+eNA78SAL,Sal+vECadherinSAL,Af+Af_BSBV,Af+Af_longRunEmph,demo+Age,Af+Af_TbN,Ser+eNA78Seru,Ser+tRANCESeru,Af+Af_lowGreyLevelRun,clinic+MuscleSore,Af+Af_highGreyLevelRun,Af+Af_BVTV,Af+Af_shortRunLowGrey,Af+Af_TbSp,JS+3D_Sc_Sf_JS,clinic+LowerBackPain,Af+Af_shortRunHighGrey,C+C_highGreyLevelRun,C+C_shortRunHighGrey,clinic+Headache,Af+Af_longRunLowGrey,Sal+tRANCESAL,clinic+MouthOpen,clinic+RestlessSleep,Sal+oPGSAL
svmLinear_xgbTree,C+C_energy,demo+Age,C+C_runLengthNonunif,C+C_correlation,clinic+MuscleSore,clinic+RestlessSleep,C+C_entropy,clinic+LowerBackPain,C+C_shortRunEmph,clinic+Headache,C+C_lowGreyLevelRun,clinic+MouthOpen,C+C_TbSp,C+C_invDiffMoment,C+C_BSBV,Af+Af_longRunEmph,C+C_longRunLowGreys,C+C_longRunEmph,C+C_inertia,C+C_shortRunLowGrey,C+C_highGreyLevelRun,C+C_greyLevelNonunif,C+C_TbTh,C+C_shortRunHighGrey,Af+Af_entropy,C+C_TbN,C+C_longRunHighGrey,C+C_BVTV,Af+Af_energy,Af+Af_correlation,Af+Af_highGreyLevelRun,Af+Af_shortRunEmph,Af+Af_lowGreyLevelRun,Af+Af_inertia,Af+Af_greyLevelNonunif,Af+Af_runLengthNonunif,Af+Af_invDiffMoment,Af+Af_shortRunLowGrey,Af+Af_shortRunHighGrey,Af+Af_longRunLowGrey
svmLinear_lda2,C+C_greyLevelNonunif,clinic+LowerBackPain,demo+Age,Af+Af_longRunLowGrey,C+C_energy,C+C_longRunEmph,C+C_runLengthNonunif,Af+Af_shortRunEmph,C+C_longRunHighGrey,C+C_shortRunLowGrey,C+C_highGreyLevelRun,C+C_lowGreyLevelRun,Af+Af_greyLevelNonunif,clinic+RestlessSleep,clinic+Headache,clinic+MouthOpen,C+C_TbN,Af+Af_energy,C+C_longRunLowGreys,C+C_shortRunHighGrey,C+C_entropy,C+C_correlation,Af+Af_highGreyLevelRun,Af+Af_shortRunHighGrey,C+C_BVTV,Af+Af_inertia,Af+Af_entropy,Af+Af_invDiffMoment,clinic+MuscleSore,C+C_inertia,Af+Af_shortRunLowGrey,Af+Af_lowGreyLevelRun,C+C_invDiffMoment,C+C_shortRunEmph,C+C_TbTh,C+C_BSBV,Af+Af_runLengthNonunif,C+C_TbSp,Af+Af_longRunEmph,Af+Af_correlation
svmLinear_nnet,C+C_highGreyLevelRun,clinic+Headache,C+C_longRunLowGreys,Af+Af_correlation,clinic+MuscleSore,C+C_inertia,clinic+RestlessSleep,C+C_lowGreyLevelRun,Af+Af_longRunEmph,C+C_invDiffMoment,C+C_longRunEmph,C+C_entropy,Af+Af_energy,C+C_correlation,Af+Af_runLengthNonunif,Af+Af_highGreyLevelRun,Af+Af_entropy,C+C_greyLevelNonunif,Af+Af_inertia,Af+Af_shortRunEmph,C+C_TbSp,Af+Af_invDiffMoment,demo+Age,C+C_longRunHighGrey,Af+Af_shortRunLowGrey,C+C_energy,Af+Af_shortRunHighGrey,C+C_shortRunEmph,Af+Af_greyLevelNonunif,Af+Af_longRunLowGrey,Af+Af_lowGreyLevelRun,C+C_BVTV,C+C_BSBV,C+C_shortRunLowGrey,C+C_runLengthNonunif,C+C_shortRunHighGrey,C+C_TbTh,clinic+LowerBackPain,C+C_TbN,clinic+MouthOpen
svmLinear_glmboost,C+C_longRunHighGrey,C+C_BVTV,C+C_greyLevelNonunif,C+C_longRunEmph,C+C_shortRunEmph,C+C_TbSp,C+C_BSBV,C+C_invDiffMoment,C+C_entropy,C+C_energy,C+C_inertia,C+C_shortRunLowGrey,Ser+mMP3Seru,Af+Af_longRunEmph,C+C_shortRunHighGrey,C+C_lowGreyLevelRun,C+C_longRunLowGreys,Af+Af_inertia,Af+Af_shortRunHighGrey,Ser+angiogeninSeru,C+C_TbTh,clinic+MouthOpen,Af+Af_entropy,clinic+MuscleSore,Ser+tGFb1Seru,Sal+tRANCESAL,clinic+LowerBackPain,Af+Af_shortRunEmph,Af+Af_BVTV,clinic+Headache,C+C_TbN,Af+Af_invDiffMoment,C+C_highGreyLevelRun,Ser+mMP7Seru,clinic+RestlessSleep,C+C_correlation,Sal+eNA78SAL,JS+3D_Sc_Sf_JS,Af+Af_BSBV,Af+Af_lowGreyLevelRun
rf_glmnet,demo+Age,C+C_longRunHighGrey,C+C_shortRunHighGrey,C+C_shortRunLowGrey,C+C_highGreyLevelRun,C+C_lowGreyLevelRun,C+C_runLengthNonunif,C+C_greyLevelNonunif,C+C_longRunEmph,C+C_shortRunEmph,C+C_longRunLowGreys,C+C_invDiffMoment,C+C_correlation,C+C_entropy,C+C_energy,clinic+MouthOpen,clinic+RestlessSleep,clinic+MuscleSore,clinic+LowerBackPain,C+C_inertia,clinic+Headache,C+C_BVTV,C+C_TbTh,C+C_TbSp,C+C_TbN,C+C_BSBV,Af+Af_energy,Af+Af_entropy,Af+Af_correlation,Af+Af_invDiffMoment,Af+Af_inertia,Af+Af_shortRunEmph,Af+Af_longRunEmph,Af+Af_greyLevelNonunif,Af+Af_runLengthNonunif,Af+Af_lowGreyLevelRun,Af+Af_highGreyLevelRun,Af+Af_shortRunLowGrey,Af+Af_shortRunHighGrey,Af+Af_longRunLowGrey
rf_rf,demo+Age,Af+Af_runLengthNonunif,Sal+cXCL16SAL,Af+Af_TbTh,Af+Af_shortRunEmph,C+C_correlation,C+C_longRunHighGrey,Sal+tGFb1SAL,C+C_BSBV,Af+Af_longRunHighGrey,C+C_greyLevelNonunif,C+C_longRunLowGreys,Ser+tRANCESeru,Ser+vEGFSeru,Sal+vEGFSAL,C+C_lowGreyLevelRun,Af+Af_BSBV,C+C_TbTh,Ser+bDNFSeru,Ser+angiogeninSeru,Sal+vECadherinSAL,Af+Af_TbN,Af+Af_shortRunLowGrey,clinic+MuscleSore,Af+Af_BVTV,Af+Af_lowGreyLevelRun,Af+Af_shortRunHighGrey,Af+Af_highGreyLevelRun,C+C_shortRunHighGrey,Ser+eNA78Seru,C+C_highGreyLevelRun,Af+Af_TbSp,Af+Af_longRunLowGrey,JS+3D_Sc_Sf_JS,clinic+Headache,Sal+tRANCESAL,Sal+oPGSAL,clinic+LowerBackPain,clinic+MouthOpen,clinic+RestlessSleep
rf_xgbTree,C+C_energy,demo+Age,C+C_runLengthNonunif,C+C_correlation,clinic+MuscleSore,clinic+RestlessSleep,C+C_entropy,clinic+LowerBackPain,C+C_shortRunEmph,clinic+Headache,C+C_lowGreyLevelRun,clinic+MouthOpen,C+C_TbSp,C+C_invDiffMoment,C+C_BSBV,Af+Af_longRunEmph,C+C_longRunLowGreys,C+C_longRunEmph,C+C_inertia,C+C_shortRunLowGrey,C+C_highGreyLevelRun,C+C_greyLevelNonunif,C+C_TbTh,C+C_shortRunHighGrey,Af+Af_entropy,C+C_TbN,C+C_longRunHighGrey,C+C_BVTV,Af+Af_energy,Af+Af_correlation,Af+Af_highGreyLevelRun,Af+Af_shortRunEmph,Af+Af_lowGreyLevelRun,Af+Af_inertia,Af+Af_greyLevelNonunif,Af+Af_runLengthNonunif,Af+Af_invDiffMoment,Af+Af_shortRunLowGrey,Af+Af_shortRunHighGrey,Af+Af_longRunLowGrey
rf_lda2,C+C_greyLevelNonunif,clinic+LowerBackPain,demo+Age,Af+Af_longRunLowGrey,C+C_energy,C+C_longRunEmph,C+C_runLengthNonunif,Af+Af_shortRunEmph,C+C_longRunHighGrey,C+C_shortRunLowGrey,C+C_highGreyLevelRun,C+C_lowGreyLevelRun,Af+Af_greyLevelNonunif,clinic+RestlessSleep,clinic+Headache,clinic+MouthOpen,C+C_TbN,Af+Af_energy,C+C_longRunLowGreys,C+C_shortRunHighGrey,C+C_entropy,C+C_correlation,Af+Af_highGreyLevelRun,Af+Af_shortRunHighGrey,C+C_BVTV,Af+Af_inertia,Af+Af_entropy,Af+Af_invDiffMoment,clinic+MuscleSore,C+C_inertia,Af+Af_shortRunLowGrey,Af+Af_lowGreyLevelRun,C+C_invDiffMoment,C+C_shortRunEmph,C+C_TbTh,C+C_BSBV,Af+Af_runLengthNonunif,C+C_TbSp,Af+Af_longRunEmph,Af+Af_correlation
rf_nnet,clinic+Headache,demo+Age,clinic+RestlessSleep,clinic+MouthOpen,C+C_invDiffMoment,clinic+MuscleSore,C+C_energy,C+C_inertia,C+C_entropy,clinic+LowerBackPain,C+C_longRunEmph,C+C_runLengthNonunif,C+C_correlation,C+C_greyLevelNonunif,C+C_shortRunEmph,C+C_BVTV,C+C_lowGreyLevelRun,C+C_highGreyLevelRun,C+C_shortRunLowGrey,C+C_TbTh,C+C_longRunLowGreys,C+C_shortRunHighGrey,C+C_BSBV,C+C_longRunHighGrey,C+C_TbSp,Af+Af_energy,Af+Af_entropy,C+C_TbN,Af+Af_inertia,Af+Af_shortRunEmph,Af+Af_runLengthNonunif,Af+Af_correlation,Af+Af_invDiffMoment,Af+Af_longRunEmph,Af+Af_greyLevelNonunif,Af+Af_highGreyLevelRun,Af+Af_lowGreyLevelRun,Af+Af_shortRunLowGrey,Af+Af_shortRunHighGrey,Af+Af_longRunLowGrey
rf_glmboost,Af+Af_shortRunEmph,Ser+angiogeninSeru,clinic+RestlessSleep,clinic+Headache,Ser+mMP7Seru,Sal+vEGFSAL,Ser+tRANCESeru,Af+Af_shortRunLowGrey,Ser+mMP3Seru,Ser+eNA78Seru,Af+Af_runLengthNonunif,Af+Af_longRunEmph,C+C_runLengthNonunif,Sal+angiogeninSAL,Af+Af_TbTh,Sal+oPGSAL,C+C_TbN,Af+Af_BSBV,Ser+vECadherinSeru,C+C_longRunHighGrey,Af+Af_greyLevelNonunif,Ser+bDNFSeru,Sal+eNA78SAL,C+C_BSBV,Sal+vECadherinSAL,C+C_correlation,Sal+mMP7SAL,Ser+pAI1Seru,Ser+cXCL16Seru,clinic+LowerBackPain,JS+3D_Sc_Sf_JS,Ser+tIMP1Seru,Sal+cXCL16SAL,C+C_shortRunHighGrey,clinic+MouthOpen,Af+Af_longRunHighGrey,Ser+vEGFSeru,clinic+MuscleSore,Af+Af_longRunLowGrey,Sal+tRANCESAL
xgbTree_glmnet,demo+Age,C+C_longRunHighGrey,C+C_shortRunHighGrey,C+C_shortRunLowGrey,C+C_highGreyLevelRun,C+C_lowGreyLevelRun,C+C_runLengthNonunif,C+C_greyLevelNonunif,C+C_longRunEmph,C+C_shortRunEmph,C+C_longRunLowGreys,C+C_invDiffMoment,C+C_correlation,C+C_entropy,C+C_energy,clinic+MouthOpen,clinic+RestlessSleep,clinic+MuscleSore,clinic+LowerBackPain,C+C_inertia,clinic+Headache,C+C_BVTV,C+C_TbTh,C+C_TbSp,C+C_TbN,C+C_BSBV,Af+Af_energy,Af+Af_entropy,Af+Af_correlation,Af+Af_invDiffMoment,Af+Af_inertia,Af+Af_shortRunEmph,Af+Af_longRunEmph,Af+Af_greyLevelNonunif,Af+Af_runLengthNonunif,Af+Af_lowGreyLevelRun,Af+Af_highGreyLevelRun,Af+Af_shortRunLowGrey,Af+Af_shortRunHighGrey,Af+Af_longRunLowGrey
xgbTree_rf,C+C_correlation,clinic+MuscleSore,C+C_shortRunEmph,C+C_invDiffMoment,C+C_shortRunLowGrey,C+C_highGreyLevelRun,clinic+LowerBackPain,C+C_runLengthNonunif,C+C_BVTV,C+C_lowGreyLevelRun,clinic+RestlessSleep,C+C_entropy,clinic+Headache,C+C_longRunLowGreys,clinic+MouthOpen,C+C_TbTh,C+C_longRunEmph,C+C_energy,demo+Age,C+C_TbN,C+C_greyLevelNonunif,Af+Af_inertia,Af+Af_energy,Af+Af_shortRunEmph,Af+Af_lowGreyLevelRun,C+C_longRunHighGrey,Af+Af_runLengthNonunif,Af+Af_longRunEmph,Af+Af_correlation,C+C_shortRunHighGrey,C+C_BSBV,Af+Af_longRunLowGrey,Af+Af_entropy,C+C_inertia,Af+Af_greyLevelNonunif,C+C_TbSp,Af+Af_shortRunHighGrey,Af+Af_shortRunLowGrey,Af+Af_highGreyLevelRun,Af+Af_invDiffMoment
xgbTree_xgbTree,C+C_energy,demo+Age,C+C_runLengthNonunif,C+C_correlation,clinic+MuscleSore,clinic+RestlessSleep,C+C_entropy,clinic+LowerBackPain,C+C_shortRunEmph,clinic+Headache,C+C_lowGreyLevelRun,clinic+MouthOpen,C+C_TbSp,C+C_invDiffMoment,C+C_BSBV,Af+Af_longRunEmph,C+C_longRunLowGreys,C+C_longRunEmph,C+C_inertia,C+C_shortRunLowGrey,C+C_highGreyLevelRun,C+C_greyLevelNonunif,C+C_TbTh,C+C_shortRunHighGrey,Af+Af_entropy,C+C_TbN,C+C_longRunHighGrey,C+C_BVTV,Af+Af_energy,Af+Af_correlation,Af+Af_highGreyLevelRun,Af+Af_shortRunEmph,Af+Af_lowGreyLevelRun,Af+Af_inertia,Af+Af_greyLevelNonunif,Af+Af_runLengthNonunif,Af+Af_invDiffMoment,Af+Af_shortRunLowGrey,Af+Af_shortRunHighGrey,Af+Af_longRunLowGrey
xgbTree_lda2,C+C_greyLevelNonunif,clinic+LowerBackPain,demo+Age,Af+Af_longRunLowGrey,C+C_energy,C+C_longRunEmph,C+C_runLengthNonunif,Af+Af_shortRunEmph,C+C_longRunHighGrey,C+C_shortRunLowGrey,C+C_highGreyLevelRun,C+C_lowGreyLevelRun,Af+Af_greyLevelNonunif,clinic+RestlessSleep,clinic+Headache,clinic+MouthOpen,C+C_TbN,Af+Af_energy,C+C_longRunLowGreys,C+C_shortRunHighGrey,C+C_entropy,C+C_correlation,Af+Af_highGreyLevelRun,Af+Af_shortRunHighGrey,C+C_BVTV,Af+Af_inertia,Af+Af_entropy,Af+Af_invDiffMoment,clinic+MuscleSore,C+C_inertia,Af+Af_shortRunLowGrey,Af+Af_lowGreyLevelRun,C+C_invDiffMoment,C+C_shortRunEmph,C+C_TbTh,C+C_BSBV,Af+Af_runLengthNonunif,C+C_TbSp,Af+Af_longRunEmph,Af+Af_correlation
xgbTree_nnet,Af+Af_shortRunHighGrey,C+C_BSBV,demo+Age,C+C_longRunEmph,Af+Af_correlation,C+C_lowGreyLevelRun,Af+Af_longRunEmph,Af+Af_runLengthNonunif,C+C_shortRunHighGrey,clinic+LowerBackPain,C+C_correlation,C+C_inertia,C+C_energy,Af+Af_shortRunEmph,clinic+MouthOpen,C+C_TbN,Af+Af_shortRunLowGrey,C+C_TbSp,Af+Af_inertia,clinic+RestlessSleep,Af+Af_invDiffMoment,clinic+Headache,Af+Af_lowGreyLevelRun,C+C_runLengthNonunif,Af+Af_entropy,C+C_highGreyLevelRun,clinic+MuscleSore,C+C_invDiffMoment,C+C_longRunLowGreys,C+C_BVTV,Af+Af_longRunLowGrey,C+C_greyLevelNonunif,Af+Af_highGreyLevelRun,Af+Af_greyLevelNonunif,C+C_shortRunEmph,C+C_entropy,Af+Af_energy,C+C_shortRunLowGrey,C+C_longRunHighGrey,C+C_TbTh
xgbTree_glmboost,Af+Af_runLengthNonunif,C+C_runLengthNonunif,C+C_invDiffMoment,C+C_highGreyLevelRun,C+C_correlation,C+C_entropy,C+C_shortRunHighGrey,C+C_energy,clinic+MouthOpen,C+C_BVTV,C+C_TbTh,C+C_TbN,C+C_BSBV,Af+Af_energy,clinic+MuscleSore,Af+Af_entropy,C+C_lowGreyLevelRun,C+C_longRunEmph,C+C_TbSp,Sal+tRANCESAL,clinic+Headache,Af+Af_invDiffMoment,Ser+cXCL16Seru,C+C_inertia,Af+Af_longRunEmph,C+C_greyLevelNonunif,Sal+cXCL16SAL,C+C_longRunHighGrey,Af+Af_inertia,Af+Af_lowGreyLevelRun,JS+3D_Sc_Sf_JS,Af+Af_BSBV,Af+Af_correlation,Sal+tIMP1SAL,C+C_shortRunLowGrey,C+C_longRunLowGreys,C+C_shortRunEmph,clinic+RestlessSleep,clinic+LowerBackPain,Sal+vECadherinSAL
lda2_glmnet,demo+Age,C+C_longRunHighGrey,C+C_shortRunHighGrey,C+C_shortRunLowGrey,C+C_highGreyLevelRun,C+C_lowGreyLevelRun,C+C_runLengthNonunif,C+C_greyLevelNonunif,C+C_longRunEmph,C+C_shortRunEmph,C+C_longRunLowGreys,C+C_invDiffMoment,C+C_correlation,C+C_entropy,C+C_energy,clinic+MouthOpen,clinic+RestlessSleep,clinic+MuscleSore,clinic+LowerBackPain,C+C_inertia,clinic+Headache,C+C_BVTV,C+C_TbTh,C+C_TbSp,C+C_TbN,C+C_BSBV,Af+Af_energy,Af+Af_entropy,Af+Af_correlation,Af+Af_invDiffMoment,Af+Af_inertia,Af+Af_shortRunEmph,Af+Af_longRunEmph,Af+Af_greyLevelNonunif,Af+Af_runLengthNonunif,Af+Af_lowGreyLevelRun,Af+Af_highGreyLevelRun,Af+Af_shortRunLowGrey,Af+Af_shortRunHighGrey,Af+Af_longRunLowGrey
lda2_rf,Af+Af_entropy,Af+Af_longRunHighGrey,Af+Af_inertia,C+C_shortRunEmph,Af+Af_TbN,Sal+angiogeninSAL,Ser+bDNFSeru,Af+Af_longRunLowGrey,C+C_correlation,Sal+eNA78SAL,Sal+vECadherinSAL,Sal+cXCL16SAL,Af+Af_invDiffMoment,C+C_shortRunLowGrey,Af+Af_shortRunEmph,Af+Af_BVTV,Af+Af_TbTh,Ser+eNA78Seru,Af+Af_runLengthNonunif,C+C_energy,C+C_shortRunHighGrey,Ser+tGFb1Seru,C+C_lowGreyLevelRun,Ser+tRANCESeru,C+C_TbTh,demo+Age,Sal+oPGSAL,C+C_TbN,Af+Af_BSBV,Af+Af_highGreyLevelRun,JS+3D_Sc_Sf_JS,Af+Af_lowGreyLevelRun,Sal+vEGFSAL,Af+Af_shortRunHighGrey,Sal+tRANCESAL,Af+Af_longRunEmph,clinic+MouthOpen,clinic+LowerBackPain,clinic+RestlessSleep,clinic+Headache
lda2_xgbTree,C+C_TbN,Af+Af_greyLevelNonunif,C+C_BSBV,C+C_shortRunLowGrey,C+C_greyLevelNonunif,C+C_correlation,clinic+MuscleSore,clinic+RestlessSleep,clinic+Headache,C+C_highGreyLevelRun,demo+Age,C+C_entropy,C+C_shortRunEmph,C+C_inertia,C+C_longRunEmph,C+C_runLengthNonunif,C+C_invDiffMoment,Af+Af_invDiffMoment,C+C_energy,clinic+MouthOpen,C+C_longRunLowGreys,C+C_shortRunHighGrey,C+C_longRunHighGrey,C+C_lowGreyLevelRun,C+C_TbSp,Af+Af_correlation,C+C_TbTh,Af+Af_inertia,C+C_BVTV,Af+Af_energy,Af+Af_entropy,clinic+LowerBackPain,Af+Af_shortRunEmph,Af+Af_lowGreyLevelRun,Af+Af_longRunEmph,Af+Af_shortRunLowGrey,Af+Af_runLengthNonunif,Af+Af_highGreyLevelRun,Af+Af_longRunLowGrey,Af+Af_shortRunHighGrey
lda2_lda2,C+C_greyLevelNonunif,clinic+LowerBackPain,demo+Age,Af+Af_longRunLowGrey,C+C_energy,C+C_longRunEmph,C+C_runLengthNonunif,Af+Af_shortRunEmph,C+C_longRunHighGrey,C+C_shortRunLowGrey,C+C_highGreyLevelRun,C+C_lowGreyLevelRun,Af+Af_greyLevelNonunif,clinic+RestlessSleep,clinic+Headache,clinic+MouthOpen,C+C_TbN,Af+Af_energy,C+C_longRunLowGreys,C+C_shortRunHighGrey,C+C_entropy,C+C_correlation,Af+Af_highGreyLevelRun,Af+Af_shortRunHighGrey,C+C_BVTV,Af+Af_inertia,Af+Af_entropy,Af+Af_invDiffMoment,clinic+MuscleSore,C+C_inertia,Af+Af_shortRunLowGrey,Af+Af_lowGreyLevelRun,C+C_invDiffMoment,C+C_shortRunEmph,C+C_TbTh,C+C_BSBV,Af+Af_runLengthNonunif,C+C_TbSp,Af+Af_longRunEmph,Af+Af_correlation
lda2_nnet,JS+3D_Sc_Sf_JS,Ser+mMP7Seru,Af+Af_greyLevelNonunif,Af+Af_invDiffMoment,C+C_TbN,Ser+angiogeninSeru,C+C_greyLevelNonunif,Ser+tIMP1Seru,clinic+LowerBackPain,Sal+angiogeninSAL,Af+Af_runLengthNonunif,clinic+RestlessSleep,Af+Af_shortRunHighGrey,Sal+vECadherinSAL,Af+Af_correlation,C+C_TbSp,Sal+oPGSAL,Sal+cXCL16SAL,Ser+cXCL16Seru,Sal+tRANCESAL,Af+Af_inertia,C+C_invDiffMoment,clinic+MouthOpen,Af+Af_highGreyLevelRun,Af+Af_BVTV,C+C_longRunEmph,Af+Af_TbTh,Af+Af_TbN,clinic+MuscleSore,Af+Af_longRunLowGrey,C+C_correlation,Ser+eNA78Seru,Af+Af_longRunEmph,Ser+tGFb1Seru,C+C_longRunHighGrey,Ser+vEGFSeru,C+C_runLengthNonunif,Ser+oPGSeru,C+C_lowGreyLevelRun,C+C_entropy
lda2_glmboost,Ser+vEGFSeru,Ser+mMP3Seru,Af+Af_greyLevelNonunif,C+C_longRunEmph,C+C_shortRunHighGrey,Af+Af_BVTV,Sal+tIMP1SAL,Af+Af_highGreyLevelRun,Af+Af_TbN,clinic+MuscleSore,Ser+cXCL16Seru,C+C_TbTh,Ser+tIMP1Seru,Ser+bDNFSeru,Af+Af_longRunHighGrey,Ser+angiogeninSeru,Ser+pAI1Seru,C+C_inertia,clinic+Headache,Sal+eNA78SAL,Ser+vECadherinSeru,Sal+tGFb1SAL,Af+Af_longRunEmph,C+C_longRunLowGreys,C+C_lowGreyLevelRun,Sal+cXCL16SAL,C+C_entropy,C+C_TbSp,Af+Af_shortRunHighGrey,C+C_BVTV,Sal+oPGSAL,C+C_shortRunEmph,Af+Af_longRunLowGrey,C+C_greyLevelNonunif,clinic+MouthOpen,Sal+angiogeninSAL,Sal+vEGFSAL,Af+Af_correlation,Af+Af_shortRunEmph,C+C_energy
nnet_glmnet,demo+Age,C+C_longRunHighGrey,C+C_shortRunHighGrey,C+C_shortRunLowGrey,C+C_highGreyLevelRun,C+C_lowGreyLevelRun,C+C_runLengthNonunif,C+C_greyLevelNonunif,C+C_longRunEmph,C+C_shortRunEmph,C+C_longRunLowGreys,C+C_invDiffMoment,C+C_correlation,C+C_entropy,C+C_energy,clinic+MouthOpen,clinic+RestlessSleep,clinic+MuscleSore,clinic+LowerBackPain,C+C_inertia,clinic+Headache,C+C_BVTV,C+C_TbTh,C+C_TbSp,C+C_TbN,C+C_BSBV,Af+Af_energy,Af+Af_entropy,Af+Af_correlation,Af+Af_invDiffMoment,Af+Af_inertia,Af+Af_shortRunEmph,Af+Af_longRunEmph,Af+Af_greyLevelNonunif,Af+Af_runLengthNonunif,Af+Af_lowGreyLevelRun,Af+Af_highGreyLevelRun,Af+Af_shortRunLowGrey,Af+Af_shortRunHighGrey,Af+Af_longRunLowGrey
nnet_rf,Ser+cXCL16Seru,Sal+angiogeninSAL,demo+Age,Ser+bDNFSeru,Ser+vECadherinSeru,Af+Af_shortRunEmph,C+C_lowGreyLevelRun,C+C_BSBV,Af+Af_TbTh,C+C_shortRunLowGrey,Ser+tIMP1Seru,Af+Af_TbN,Sal+cXCL16SAL,C+C_greyLevelNonunif,C+C_longRunLowGreys,C+C_longRunHighGrey,C+C_TbN,Af+Af_longRunHighGrey,Af+Af_TbSp,Sal+vECadherinSAL,Ser+vEGFSeru,Af+Af_BVTV,Af+Af_BSBV,clinic+MuscleSore,Ser+tRANCESeru,Af+Af_shortRunHighGrey,C+C_shortRunHighGrey,JS+3D_Sc_Sf_JS,Af+Af_shortRunLowGrey,Af+Af_lowGreyLevelRun,Ser+eNA78Seru,clinic+Headache,Af+Af_highGreyLevelRun,Sal+tRANCESAL,C+C_highGreyLevelRun,Af+Af_longRunLowGrey,clinic+RestlessSleep,clinic+MouthOpen,clinic+LowerBackPain,Sal+oPGSAL
nnet_xgbTree,clinic+Headache,clinic+LowerBackPain,clinic+RestlessSleep,demo+Age,C+C_entropy,C+C_energy,C+C_invDiffMoment,clinic+MuscleSore,C+C_longRunLowGreys,clinic+MouthOpen,C+C_correlation,C+C_inertia,C+C_longRunEmph,C+C_TbTh,C+C_TbSp,C+C_greyLevelNonunif,C+C_highGreyLevelRun,C+C_runLengthNonunif,C+C_lowGreyLevelRun,C+C_shortRunEmph,Af+Af_inertia,C+C_TbN,C+C_shortRunLowGrey,C+C_shortRunHighGrey,Af+Af_energy,C+C_BSBV,C+C_longRunHighGrey,C+C_BVTV,Af+Af_correlation,Af+Af_entropy,Af+Af_shortRunEmph,Af+Af_longRunEmph,Af+Af_invDiffMoment,Af+Af_runLengthNonunif,Af+Af_greyLevelNonunif,Af+Af_lowGreyLevelRun,Af+Af_highGreyLevelRun,Af+Af_shortRunLowGrey,Af+Af_shortRunHighGrey,Af+Af_longRunLowGrey
nnet_lda2,C+C_greyLevelNonunif,clinic+LowerBackPain,demo+Age,Af+Af_longRunLowGrey,C+C_energy,C+C_longRunEmph,C+C_runLengthNonunif,Af+Af_shortRunEmph,C+C_longRunHighGrey,C+C_shortRunLowGrey,C+C_highGreyLevelRun,C+C_lowGreyLevelRun,Af+Af_greyLevelNonunif,clinic+RestlessSleep,clinic+Headache,clinic+MouthOpen,C+C_TbN,Af+Af_energy,C+C_longRunLowGreys,C+C_shortRunHighGrey,C+C_entropy,C+C_correlation,Af+Af_highGreyLevelRun,Af+Af_shortRunHighGrey,C+C_BVTV,Af+Af_inertia,Af+Af_entropy,Af+Af_invDiffMoment,clinic+MuscleSore,C+C_inertia,Af+Af_shortRunLowGrey,Af+Af_lowGreyLevelRun,C+C_invDiffMoment,C+C_shortRunEmph,C+C_TbTh,C+C_BSBV,Af+Af_runLengthNonunif,C+C_TbSp,Af+Af_longRunEmph,Af+Af_correlation
nnet_nnet,C+C_lowGreyLevelRun,demo+Age,C+C_invDiffMoment,Af+Af_greyLevelNonunif,Af+Af_runLengthNonunif,C+C_longRunHighGrey,Af+Af_highGreyLevelRun,Af+Af_lowGreyLevelRun,C+C_energy,C+C_TbTh,C+C_shortRunHighGrey,clinic+RestlessSleep,C+C_runLengthNonunif,Af+Af_shortRunEmph,Af+Af_inertia,clinic+LowerBackPain,clinic+MuscleSore,C+C_TbSp,Af+Af_shortRunHighGrey,Af+Af_invDiffMoment,Af+Af_shortRunLowGrey,C+C_shortRunEmph,Af+Af_correlation,Af+Af_longRunLowGrey,C+C_shortRunLowGrey,Af+Af_energy,C+C_TbN,C+C_BSBV,C+C_longRunEmph,clinic+MouthOpen,C+C_entropy,C+C_greyLevelNonunif,clinic+Headache,C+C_longRunLowGreys,C+C_inertia,Af+Af_entropy,C+C_highGreyLevelRun,C+C_BVTV,C+C_correlation,Af+Af_longRunEmph
nnet_glmboost,clinic+RestlessSleep,C+C_TbN,C+C_greyLevelNonunif,Af+Af_lowGreyLevelRun,demo+Age,C+C_entropy,C+C_BSBV,Af+Af_runLengthNonunif,C+C_longRunLowGreys,C+C_runLengthNonunif,C+C_energy,Af+Af_inertia,Af+Af_entropy,C+C_shortRunEmph,Af+Af_invDiffMoment,Af+Af_shortRunLowGrey,Af+Af_highGreyLevelRun,C+C_shortRunHighGrey,C+C_TbSp,C+C_longRunHighGrey,C+C_shortRunLowGrey,Af+Af_shortRunEmph,Af+Af_shortRunHighGrey,C+C_highGreyLevelRun,clinic+LowerBackPain,Af+Af_longRunLowGrey,Af+Af_longRunEmph,C+C_inertia,clinic+MuscleSore,Af+Af_correlation,clinic+MouthOpen,C+C_longRunEmph,Af+Af_energy,C+C_TbTh,clinic+Headache,C+C_correlation,C+C_lowGreyLevelRun,C+C_BVTV,Af+Af_greyLevelNonunif,C+C_invDiffMoment
glmboost_glmnet,demo+Age,C+C_longRunHighGrey,C+C_shortRunHighGrey,C+C_shortRunLowGrey,C+C_highGreyLevelRun,C+C_lowGreyLevelRun,C+C_runLengthNonunif,C+C_greyLevelNonunif,C+C_longRunEmph,C+C_shortRunEmph,C+C_longRunLowGreys,C+C_invDiffMoment,C+C_correlation,C+C_entropy,C+C_energy,clinic+MouthOpen,clinic+RestlessSleep,clinic+MuscleSore,clinic+LowerBackPain,C+C_inertia,clinic+Headache,C+C_BVTV,C+C_TbTh,C+C_TbSp,C+C_TbN,C+C_BSBV,Af+Af_energy,Af+Af_entropy,Af+Af_correlation,Af+Af_invDiffMoment,Af+Af_inertia,Af+Af_shortRunEmph,Af+Af_longRunEmph,Af+Af_greyLevelNonunif,Af+Af_runLengthNonunif,Af+Af_lowGreyLevelRun,Af+Af_highGreyLevelRun,Af+Af_shortRunLowGrey,Af+Af_shortRunHighGrey,Af+Af_longRunLowGrey
glmboost_rf,Sal+tIMP1SAL,Af+Af_greyLevelNonunif,Af+Af_inertia,Sal+angiogeninSAL,C+C_longRunLowGreys,C+C_energy,Af+Af_shortRunEmph,Sal+oPGSAL,Af+Af_TbSp,Ser+vEGFSeru,clinic+MuscleSore,C+C_inertia,Af+Af_BVTV,C+C_TbN,Af+Af_TbN,Af+Af_TbTh,Ser+vECadherinSeru,Ser+tRANCESeru,Af+Af_shortRunLowGrey,Ser+angiogeninSeru,C+C_longRunEmph,Sal+cXCL16SAL,Af+Af_invDiffMoment,C+C_correlation,clinic+MouthOpen,Af+Af_longRunHighGrey,C+C_shortRunLowGrey,Af+Af_runLengthNonunif,demo+Age,Af+Af_longRunLowGrey,Af+Af_BSBV,Af+Af_highGreyLevelRun,Af+Af_shortRunHighGrey,clinic+LowerBackPain,Sal+tRANCESAL,Af+Af_longRunEmph,Af+Af_lowGreyLevelRun,C+C_longRunHighGrey,clinic+Headache,clinic+RestlessSleep
glmboost_xgbTree,C+C_energy,demo+Age,C+C_runLengthNonunif,C+C_correlation,clinic+MuscleSore,clinic+RestlessSleep,C+C_entropy,clinic+LowerBackPain,C+C_shortRunEmph,clinic+Headache,C+C_lowGreyLevelRun,clinic+MouthOpen,C+C_TbSp,C+C_invDiffMoment,C+C_BSBV,Af+Af_longRunEmph,C+C_longRunLowGreys,C+C_longRunEmph,C+C_inertia,C+C_shortRunLowGrey,C+C_highGreyLevelRun,C+C_greyLevelNonunif,C+C_TbTh,C+C_shortRunHighGrey,Af+Af_entropy,C+C_TbN,C+C_longRunHighGrey,C+C_BVTV,Af+Af_energy,Af+Af_correlation,Af+Af_highGreyLevelRun,Af+Af_shortRunEmph,Af+Af_lowGreyLevelRun,Af+Af_inertia,Af+Af_greyLevelNonunif,Af+Af_runLengthNonunif,Af+Af_invDiffMoment,Af+Af_shortRunLowGrey,Af+Af_shortRunHighGrey,Af+Af_longRunLowGrey
glmboost_lda2,C+C_greyLevelNonunif,clinic+LowerBackPain,demo+Age,Af+Af_longRunLowGrey,C+C_energy,C+C_longRunEmph,C+C_runLengthNonunif,Af+Af_shortRunEmph,C+C_longRunHighGrey,C+C_shortRunLowGrey,C+C_highGreyLevelRun,C+C_lowGreyLevelRun,Af+Af_greyLevelNonunif,clinic+RestlessSleep,clinic+Headache,clinic+MouthOpen,C+C_TbN,Af+Af_energy,C+C_longRunLowGreys,C+C_shortRunHighGrey,C+C_entropy,C+C_correlation,Af+Af_highGreyLevelRun,Af+Af_shortRunHighGrey,C+C_BVTV,Af+Af_inertia,Af+Af_entropy,Af+Af_invDiffMoment,clinic+MuscleSore,C+C_inertia,Af+Af_shortRunLowGrey,Af+Af_lowGreyLevelRun,C+C_invDiffMoment,C+C_shortRunEmph,C+C_TbTh,C+C_BSBV,Af+Af_runLengthNonunif,C+C_TbSp,Af+Af_longRunEmph,Af+Af_correlation
glmboost_nnet,C+C_runLengthNonunif,clinic+RestlessSleep,Af+Af_entropy,C+C_longRunEmph,Af+Af_inertia,Af+Af_shortRunHighGrey,Af+Af_lowGreyLevelRun,clinic+LowerBackPain,clinic+MouthOpen,Af+Af_shortRunLowGrey,C+C_energy,clinic+Headache,C+C_entropy,Af+Af_correlation,Af+Af_runLengthNonunif,C+C_correlation,C+C_shortRunEmph,C+C_TbN,Af+Af_highGreyLevelRun,C+C_inertia,C+C_TbTh,C+C_shortRunHighGrey,C+C_greyLevelNonunif,C+C_shortRunLowGrey,demo+Age,Af+Af_shortRunEmph,Af+Af_longRunEmph,C+C_invDiffMoment,C+C_highGreyLevelRun,C+C_longRunHighGrey,C+C_longRunLowGreys,Af+Af_invDiffMoment,C+C_BSBV,Af+Af_longRunLowGrey,Af+Af_energy,C+C_lowGreyLevelRun,clinic+MuscleSore,Af+Af_greyLevelNonunif,C+C_BVTV,C+C_TbSp
glmboost_glmboost,Af+Af_entropy,C+C_lowGreyLevelRun,C+C_runLengthNonunif,C+C_shortRunEmph,C+C_inertia,C+C_highGreyLevelRun,C+C_entropy,Af+Af_invDiffMoment,clinic+MouthOpen,clinic+RestlessSleep,Af+Af_highGreyLevelRun,C+C_longRunHighGrey,Af+Af_longRunEmph,Af+Af_correlation,Af+Af_shortRunHighGrey,C+C_greyLevelNonunif,clinic+MuscleSore,C+C_TbSp,C+C_longRunLowGreys,clinic+Headache,C+C_BVTV,C+C_TbTh,C+C_longRunEmph,C+C_correlation,C+C_invDiffMoment,Af+Af_longRunLowGrey,Af+Af_shortRunEmph,C+C_energy,Af+Af_inertia,Af+Af_greyLevelNonunif,C+C_TbN,clinic+LowerBackPain,C+C_shortRunLowGrey,demo+Age,Af+Af_energy,C+C_shortRunHighGrey,Af+Af_lowGreyLevelRun,Af+Af_shortRunLowGrey,C+C_BSBV,Af+Af_runLengthNonunif
hdda_glmnet,demo+Age,C+C_longRunHighGrey,C+C_shortRunHighGrey,C+C_shortRunLowGrey,C+C_highGreyLevelRun,C+C_lowGreyLevelRun,C+C_runLengthNonunif,C+C_greyLevelNonunif,C+C_longRunEmph,C+C_shortRunEmph,C+C_longRunLowGreys,C+C_invDiffMoment,C+C_correlation,C+C_entropy,C+C_energy,clinic+MouthOpen,clinic+RestlessSleep,clinic+MuscleSore,clinic+LowerBackPain,C+C_inertia,clinic+Headache,C+C_BVTV,C+C_TbTh,C+C_TbSp,C+C_TbN,C+C_BSBV,Af+Af_energy,Af+Af_entropy,Af+Af_correlation,Af+Af_invDiffMoment,Af+Af_inertia,Af+Af_shortRunEmph,Af+Af_longRunEmph,Af+Af_greyLevelNonunif,Af+Af_runLengthNonunif,Af+Af_lowGreyLevelRun,Af+Af_highGreyLevelRun,Af+Af_shortRunLowGrey,Af+Af_shortRunHighGrey,Af+Af_longRunLowGrey
hdda_rf,Ser+cXCL16Seru,Sal+angiogeninSAL,Af+Af_invDiffMoment,C+C_energy,Af+Af_shortRunEmph,Ser+vEGFSeru,Af+Af_BVTV,C+C_TbTh,C+C_longRunLowGreys,C+C_greyLevelNonunif,Af+Af_BSBV,Af+Af_longRunEmph,C+C_longRunHighGrey,Af+Af_TbTh,Sal+cXCL16SAL,C+C_inertia,Af+Af_longRunHighGrey,C+C_shortRunHighGrey,clinic+MuscleSore,C+C_lowGreyLevelRun,Sal+vECadherinSAL,Ser+eNA78Seru,Ser+angiogeninSeru,Ser+tRANCESeru,Af+Af_shortRunLowGrey,Af+Af_TbN,C+C_shortRunLowGrey,clinic+LowerBackPain,Af+Af_TbSp,Af+Af_shortRunHighGrey,Af+Af_highGreyLevelRun,Af+Af_longRunLowGrey,Af+Af_lowGreyLevelRun,C+C_highGreyLevelRun,clinic+RestlessSleep,JS+3D_Sc_Sf_JS,clinic+MouthOpen,Sal+tRANCESAL,clinic+Headache,Sal+oPGSAL
hdda_xgbTree,C+C_TbN,Af+Af_greyLevelNonunif,C+C_BSBV,C+C_shortRunLowGrey,C+C_greyLevelNonunif,C+C_correlation,clinic+MuscleSore,clinic+RestlessSleep,clinic+Headache,C+C_highGreyLevelRun,demo+Age,C+C_entropy,C+C_shortRunEmph,C+C_inertia,C+C_longRunEmph,C+C_runLengthNonunif,C+C_invDiffMoment,Af+Af_invDiffMoment,C+C_energy,clinic+MouthOpen,C+C_longRunLowGreys,C+C_shortRunHighGrey,C+C_longRunHighGrey,C+C_lowGreyLevelRun,C+C_TbSp,Af+Af_correlation,C+C_TbTh,Af+Af_inertia,C+C_BVTV,Af+Af_energy,Af+Af_entropy,clinic+LowerBackPain,Af+Af_shortRunEmph,Af+Af_lowGreyLevelRun,Af+Af_longRunEmph,Af+Af_shortRunLowGrey,Af+Af_runLengthNonunif,Af+Af_highGreyLevelRun,Af+Af_longRunLowGrey,Af+Af_shortRunHighGrey
hdda_lda2,C+C_greyLevelNonunif,clinic+LowerBackPain,demo+Age,Af+Af_longRunLowGrey,C+C_energy,C+C_longRunEmph,C+C_runLengthNonunif,Af+Af_shortRunEmph,C+C_longRunHighGrey,C+C_shortRunLowGrey,C+C_highGreyLevelRun,C+C_lowGreyLevelRun,Af+Af_greyLevelNonunif,clinic+RestlessSleep,clinic+Headache,clinic+MouthOpen,C+C_TbN,Af+Af_energy,C+C_longRunLowGreys,C+C_shortRunHighGrey,C+C_entropy,C+C_correlation,Af+Af_highGreyLevelRun,Af+Af_shortRunHighGrey,C+C_BVTV,Af+Af_inertia,Af+Af_entropy,Af+Af_invDiffMoment,clinic+MuscleSore,C+C_inertia,Af+Af_shortRunLowGrey,Af+Af_lowGreyLevelRun,C+C_invDiffMoment,C+C_shortRunEmph,C+C_TbTh,C+C_BSBV,Af+Af_runLengthNonunif,C+C_TbSp,Af+Af_longRunEmph,Af+Af_correlation
hdda_nnet,C+C_shortRunEmph,clinic+MouthOpen,clinic+MuscleSore,C+C_entropy,C+C_runLengthNonunif,clinic+RestlessSleep,C+C_longRunHighGrey,C+C_shortRunHighGrey,demo+Age,clinic+LowerBackPain,C+C_correlation,C+C_energy,C+C_highGreyLevelRun,clinic+Headache,C+C_TbSp,C+C_greyLevelNonunif,C+C_invDiffMoment,Af+Af_energy,C+C_longRunEmph,C+C_inertia,C+C_shortRunLowGrey,C+C_lowGreyLevelRun,Af+Af_longRunEmph,C+C_TbN,C+C_BSBV,C+C_BVTV,C+C_TbTh,C+C_longRunLowGreys,Af+Af_correlation,Af+Af_invDiffMoment,Af+Af_entropy,Af+Af_runLengthNonunif,Af+Af_greyLevelNonunif,Af+Af_lowGreyLevelRun,Af+Af_shortRunEmph,Af+Af_highGreyLevelRun,Af+Af_inertia,Af+Af_shortRunLowGrey,Af+Af_shortRunHighGrey,Af+Af_longRunLowGrey
hdda_glmboost,clinic+MouthOpen,C+C_energy,C+C_entropy,C+C_invDiffMoment,C+C_inertia,C+C_shortRunEmph,Af+Af_entropy,C+C_runLengthNonunif,C+C_lowGreyLevelRun,Sal+tRANCESAL,C+C_longRunEmph,C+C_BSBV,C+C_shortRunHighGrey,C+C_TbN,C+C_longRunHighGrey,C+C_TbSp,C+C_TbTh,Sal+cXCL16SAL,C+C_BVTV,clinic+LowerBackPain,Af+Af_TbSp,JS+3D_Sc_Sf_JS,Sal+vECadherinSAL,C+C_longRunLowGreys,C+C_correlation,Af+Af_longRunLowGrey,Ser+eNA78Seru,Ser+tRANCESeru,Sal+angiogeninSAL,Af+Af_shortRunHighGrey,clinic+RestlessSleep,clinic+MuscleSore,Ser+bDNFSeru,C+C_shortRunLowGrey,Af+Af_lowGreyLevelRun,Af+Af_runLengthNonunif,Ser+vEGFSeru,demo+Age,C+C_highGreyLevelRun,C+C_greyLevelNonunif
